ParentCode;Code;Name;Position;Description
"";"ACO";"Acopio";1;"Acopio Facility GmbH & Co. KG"
"ACO";"001";"ACO.001 - Treseburger Ufer 48";1;"WEZ Treseburger Ufer 48, 12347 Berlin"
"ACO";"002";"ACO.002 - Bendastr. 13";2;"Bendastr. 13, 12051 Berlin"
"ACO";"003";"ACO.003 - Genter Str. 66";3;"Genter Str. 66, 13353 Berlin"
"ACO";"004";"ACO.004 - Jülicher Str. 5";4;"Jülicher Str. 5, 13357 Berlin"
"ACO";"005";"ACO.005 - Südstern 14";5;"Südstern 14, 10961 Berlin"
"ACO";"006";"ACO.006 - Waldecker Str. 43";6;"Waldecker Str. 43,  47169 Duisburg"
"";"AES2";"AES";2;"Adler Energie Service"
"AES2";"1";"vollständige Anlagen";1;""
"AES2.1";"100";"AES.100 - Alexianergraben 20/22";1;"Alexianergraben 20/22, 52062 Aachen"
"AES2.1";"101";"AES.101 - Neumarkt 3";2;"Neumarkt 3, 08280 Aue"
"AES2.1";"102";"AES.102 - Scharhörnstraße 14-16";3;"Scharhörnstraße 14-16, 23554 Lübeck"
"AES2.1";"108";"AES.108 - Etatsrätin-Doos-Str. 2";4;"Etatsrätin-Doos-Str. 2, 25554 Wilster"
"AES2.1";"114";"AES.114 - Oldeoog 5";5;"Oldeoog 5, 28259 Bremen"
"AES2.1";"116";"AES.116 - Norfolkstraße 14";6;"Norfolkstraße 14, 26382 Wilhelmshaven"
"AES2.1";"118";"AES.118 - Bahnhofstraße 105";7;"Bahnhofstraße 105, 26382 Wilhelmshaven"
"AES2.1";"119";"AES.119 - Schillerstraße 57";8;"Schillerstraße 57, 26382 Wilhelmshaven"
"AES2.1";"123";"AES.123 - Friedrich-Ebert-Straße 83";9;"Friedrich-Ebert-Straße 83, 27570 Bremerhaven"
"AES2.1";"124";"AES.124 - Carsten-Lücken-Straße 133";10;"Carsten-Lücken-Straße 133, 27574 Bremerhaven"
"AES2.1";"126";"AES.126 - Ölhafendamm 46";11;"Ölhafendamm 46, 26384 Wilhelmshaven"
"AES2.1";"127";"AES.127 - Ölhafendamm 42";12;"Ölhafendamm 42, 26384 Wilhelmshaven"
"AES2.1";"128";"AES.128 - Gökerstraße 63";13;"Gökerstraße 63, 26384 Wilhelmshaven"
"AES2.1";"129";"AES.129 - Mühlenweg 100";14;"Mühlenweg 100, 26384 Wilhelmshaven"
"AES2.1";"130";"AES.130 - Liliencronstraße 10";15;"Liliencronstraße 10, 26386 Wilhelmshaven"
"AES2.1";"132";"AES.132 - Frankenberger Straße 80";16;"Frankenberger Straße 80, 09131 Chemnitz"
"AES2.1";"136";"AES.136 - Zwickauer Straße 2";17;"Zwickauer Straße 2, 44139 Dortmund"
"AES2.1";"138";"AES.138 - Preußenstraße 41a";18;"Preußenstraße 41a, 26388 Wilhelmshaven"
"AES2.1";"139";"AES.139 - Posener Straße 36";19;"Posener Straße 36, 26388 Wilhelmshaven"
"AES2.1";"140";"AES.140 - Poststraße 32a";20;"Poststraße 32a, 26388 Wilhelmshaven"
"AES2.1";"145";"AES.145 - Mintropstraße 28";21;"Mintropstraße 28, 40215 Düsseldorf"
"AES2.1";"146";"AES.146 - Europaring 21";22;"Europaring 21, 26389 Wilhelmshaven"
"AES2.1";"147";"AES.147 - Europaring 20";23;"Europaring 20, 26389 Wilhelmshaven"
"AES2.1";"148";"AES.148 - Europaring 13";24;"Europaring 13, 26389 Wilhelmshaven"
"AES2.1";"150";"AES.150 - Weidenstraße 14";25;"Weidenstraße 14, 26389 Wilhelmshaven"
"AES2.1";"151";"AES.151 - Weidenstraße 35";26;"Weidenstraße 35, 26389 Wilhelmshaven"
"AES2.1";"152";"AES.152 - Weidenstraße 32";27;"Weidenstraße 32, 26389 Wilhelmshaven"
"AES2.1";"153";"AES.153 - Weidenstraße 26";28;"Weidenstraße 26, 26389 Wilhelmshaven"
"AES2.1";"154";"AES.154 - Weidenstraße 29";29;"Weidenstraße 29, 26389 Wilhelmshaven"
"AES2.1";"155";"AES.155 - Weidenstraße 11";30;"Weidenstraße 11, 26389 Wilhelmshaven"
"AES2.1";"156";"AES.156 - Weidenstraße 39";31;"Weidenstraße 39, 26389 Wilhelmshaven"
"AES2.1";"157";"AES.157 - Europaring 30";32;"Europaring 30, 26389 Wilhelmshaven"
"AES2.1";"158";"AES.158 - Europaring 24";33;"Europaring 24, 26389 Wilhelmshaven"
"AES2.1";"159";"AES.159 - Europaring 16";34;"Europaring 16, 26389 Wilhelmshaven"
"AES2.1";"160";"AES.160 - Europaring 25";35;"Europaring 25, 26389 Wilhelmshaven"
"AES2.1";"161";"AES.161 - Weidenstraße 36";36;"Weidenstraße 36, 26389 Wilhelmshaven"
"AES2.1";"162";"AES.162 - Europaring 28";37;"Europaring 28, 26389 Wilhelmshaven"
"AES2.1";"163";"AES.163 - Europaring 19";38;"Europaring 19, 26389 Wilhelmshaven"
"AES2.1";"165";"AES.165 - Weidenstraße 43";39;"Weidenstraße 43, 26389 Wilhelmshaven"
"AES2.1";"166";"AES.166 - Weidenstraße 37";40;"Weidenstraße 37, 26389 Wilhelmshaven"
"AES2.1";"167";"AES.167 - Weidenstraße 25";41;"Weidenstraße 25, 26389 Wilhelmshaven"
"AES2.1";"168";"AES.168 - Weidenstraße 30";42;"Weidenstraße 30, 26389 Wilhelmshaven"
"AES2.1";"169";"AES.169 - Weidenstraße 18";43;"Weidenstraße 18, 26389 Wilhelmshaven"
"AES2.1";"170";"AES.170 - Altengrodener Weg 65";44;"Altengrodener Weg 65, 26389 Wilhelmshaven"
"AES2.1";"171";"AES.171 - Altengrodener Weg 65a";45;"Altengrodener Weg 65a, 26389 Wilhelmshaven"
"AES2.1";"172";"AES.172 - Weidenstraße 8";46;"Weidenstraße 8, 26389 Wilhelmshaven"
"AES2.1";"173";"AES.173 - Weidenstraße 5";47;"Weidenstraße 5, 26389 Wilhelmshaven"
"AES2.1";"174";"AES.174 - Weidenstraße 23";48;"Weidenstraße 23, 26389 Wilhelmshaven"
"AES2.1";"175";"AES.175 - Weidenstraße 7";49;"Weidenstraße 7, 26389 Wilhelmshaven"
"AES2.1";"177";"AES.177 - Weidenstraße 12";50;"Weidenstraße 12, 26389 Wilhelmshaven"
"AES2.1";"178";"AES.178 - Am Wiesenhof 6";51;"Am Wiesenhof 6, 26389 Wilhelmshaven"
"AES2.1";"181";"AES.181 - Erlenweg 12";52;"Erlenweg 12, 27404 Zeven"
"AES2.1";"182";"AES.182 - Erlenweg 14";53;"Erlenweg 14, 27404 Zeven"
"AES2.1";"183";"AES.183 - Eschenweg 42";54;"Eschenweg 42, 27404 Zeven"
"AES2.1";"184";"AES.184 - Erlenweg 5";55;"Erlenweg 5, 27404 Zeven"
"AES2.1";"191";"AES.191 - Eschenweg 35";56;"Eschenweg 35, 27404 Zeven"
"AES2.1";"192";"AES.192 - Eschenweg 41";57;"Eschenweg 41, 27404 Zeven"
"AES2.1";"193";"AES.193 - Eschenweg 34";58;"Eschenweg 34, 27404 Zeven"
"AES2.1";"194";"AES.194 - Eschenweg 27";59;"Eschenweg 27, 27404 Zeven"
"AES2.1";"196";"AES.196 - Kanalstraße 6";60;"Kanalstraße 6, 27570 Bremerhaven"
"AES2.1";"197";"AES.197 - Straßburger Platz 3";61;"Straßburger Platz 3, 27570 Bremerhaven"
"AES2.1";"200";"AES.200 - Schönianstraße 34";62;"Schönianstraße 34, 27570 Bremerhaven"
"AES2.1";"202";"AES.202 - Auf der Bult 33d";63;"Auf der Bult 33d, 27574 Bremerhaven"
"AES2.1";"203";"AES.203 - Kiebitzstraße 14";64;"Kiebitzstraße 14, 27574 Bremerhaven"
"AES2.1";"204";"AES.204 - Auf der Bult 24a";65;"Auf der Bult 24a, 27574 Bremerhaven"
"AES2.1";"205";"AES.205 - Meerkamp 10";66;"Meerkamp 10, 45327 Essen"
"AES2.1";"206";"AES.206 - Meerkamp 25";67;"Meerkamp 25, 45327 Essen"
"AES2.1";"207";"AES.207 - Robinsbalje 29";68;"Robinsbalje 29, 28259 Bremen"
"AES2.1";"210";"AES.210 - Mollstraße 9";69;"Mollstraße 9, 58097 Hagen"
"AES2.1";"212";"AES.212 - Kaiserstraße 16";70;"Kaiserstraße 16, 31785 Hameln"
"AES2.1";"213";"AES.213 - Hafenstraße 37";71;"Hafenstraße 37, 31785 Hameln"
"AES2.1";"214";"AES.214 - Hafenstraße 35";72;"Hafenstraße 35, 31785 Hameln"
"AES2.1";"216";"AES.216 - Pyrmonter Straße 37";73;"Pyrmonter Straße 37, 31789 Hameln"
"AES2.1";"217";"AES.217 - Dornbusch 15";74;"Dornbusch 15, 31789 Hameln"
"AES2.1";"220";"AES.220 - Auf der Huneke 30a";75;"Auf der Huneke 30a, 32107 Bad Salzuflen"
"AES2.1";"227";"AES.227 - Kirchweg 2";76;"Kirchweg 2, 32108 Bad Salzuflen"
"AES2.1";"228";"AES.228 - Wellerstraße 14";77;"Wellerstraße 14, 32369 Rahden"
"AES2.1";"234";"AES.234 - Tulpenstraße 8";78;"Tulpenstraße 8, 37412 Herzberg"
"AES2.1";"235";"AES.235 - Osteroder Straße 12";79;"Osteroder Straße 12, 37412 Herzberg"
"AES2.1";"236";"AES.236 - Lonauer Straße 4";80;"Lonauer Straße 4, 37412 Herzberg"
"AES2.1";"237";"AES.237 - Tulpenstraße 6";81;"Tulpenstraße 6, 37412 Herzberg"
"AES2.1";"238";"AES.238 - Tulpenstraße 2";82;"Tulpenstraße 2, 37412 Herzberg"
"AES2.1";"239";"AES.239 - Hopfenhof 1";83;"Hopfenhof 1, 37412 Herzberg"
"AES2.1";"240";"AES.240 - Duderstädter Straße 1";84;"Duderstädter Straße 1, 37412 Herzberg"
"AES2.1";"241";"AES.241 - Duderstädter Straße 1a";85;"Duderstädter Straße 1a, 37412 Herzberg"
"AES2.1";"243";"AES.243 - Conringstraße 21";86;"Conringstraße 21, 38350 Helmstedt"
"AES2.1";"244";"AES.244 - Joh.-Seb.-Bach-Straße 20";87;"Joh.-Seb.-Bach-Straße 20, 38350 Helmstedt"
"AES2.1";"245";"AES.245 - Joh.-Seb.-Bach-Straße 2";88;"Joh.-Seb.-Bach-Straße 2, 38350 Helmstedt"
"AES2.1";"246";"AES.246 - Dammgarten 2";89;"Dammgarten 2, 38350 Helmstedt"
"AES2.1";"247";"AES.247 - An den Luebbensteinen 7";90;"An den Luebbensteinen 7, 38350 Helmstedt"
"AES2.1";"248";"AES.248 - Dammgarten 8";91;"Dammgarten 8, 38350 Helmstedt"
"AES2.1";"249";"AES.249 - An den Luebbensteinen 5";92;"An den Luebbensteinen 5, 38350 Helmstedt"
"AES2.1";"250";"AES.250 - Dammgarten 4";93;"Dammgarten 4, 38350 Helmstedt"
"AES2.1";"251";"AES.251 - Dammgarten 6";94;"Dammgarten 6, 38350 Helmstedt"
"AES2.1";"252";"AES.252 - An den Luebbensteinen 3";95;"An den Luebbensteinen 3, 38350 Helmstedt"
"AES2.1";"253";"AES.253 - An den Luebbensteinen 1";96;"An den Luebbensteinen 1, 38350 Helmstedt"
"AES2.1";"254";"AES.254 - Herm.-Loens-Weg 8";97;"Herm.-Loens-Weg 8, 38350 Helmstedt"
"AES2.1";"255";"AES.255 - Conringstraße 17";98;"Conringstraße 17, 38350 Helmstedt"
"AES2.1";"256";"AES.256 - Conringstraße 18";99;"Conringstraße 18, 38350 Helmstedt"
"AES2.1";"257";"AES.257 - Conringstraße 19";100;"Conringstraße 19, 38350 Helmstedt"
"AES2.1";"258";"AES.258 - Conringstraße 20";101;"Conringstraße 20, 38350 Helmstedt"
"AES2.1";"259";"AES.259 - Friedrichstraße 22";102;"Friedrichstraße 22, 38350 Helmstedt"
"AES2.1";"260";"AES.260 - Friedrichstraße 23";103;"Friedrichstraße 23, 38350 Helmstedt"
"AES2.1";"261";"AES.261 - Tangermuehlenweg 35";104;"Tangermuehlenweg 35, 38350 Helmstedt"
"AES2.1";"262";"AES.262 - Tangermuehlenweg 39";105;"Tangermuehlenweg 39, 38350 Helmstedt"
"AES2.1";"263";"AES.263 - Tangermuehlenweg 43";106;"Tangermuehlenweg 43, 38350 Helmstedt"
"AES2.1";"264";"AES.264 - Joh.-Seb.-Bach-Straße 18";107;"Joh.-Seb.-Bach-Straße 18, 38350 Helmstedt"
"AES2.1";"265";"AES.265 - Joh.-Seb.-Bach-Straße 6";108;"Joh.-Seb.-Bach-Straße 6, 38350 Helmstedt"
"AES2.1";"266";"AES.266 - Rich.-Wagner-Straße 1";109;"Rich.-Wagner-Straße 1, 38350 Helmstedt"
"AES2.1";"267";"AES.267 - Rich.-Wagner-Platz 3";110;"Rich.-Wagner-Platz 3, 38350 Helmstedt"
"AES2.1";"268";"AES.268 - Herm.-Loens-Weg 1";111;"Herm.-Loens-Weg 1, 38350 Helmstedt"
"AES2.1";"269";"AES.269 - Herm.-Loens-Weg 10";112;"Herm.-Loens-Weg 10, 38350 Helmstedt"
"AES2.1";"270";"AES.270 - Herm.-Loens-Weg 2";113;"Herm.-Loens-Weg 2, 38350 Helmstedt"
"AES2.1";"271";"AES.271 - Herm.-Loens-Weg 3";114;"Herm.-Loens-Weg 3, 38350 Helmstedt"
"AES2.1";"272";"AES.272 - Herm.-Loens-Weg 4";115;"Herm.-Loens-Weg 4, 38350 Helmstedt"
"AES2.1";"273";"AES.273 - Herm.-Loens-Weg 9";116;"Herm.-Loens-Weg 9, 38350 Helmstedt"
"AES2.1";"274";"AES.274 - Herm.-Loens-Weg 5";117;"Herm.-Loens-Weg 5, 38350 Helmstedt"
"AES2.1";"275";"AES.275 - Herm.-Loens-Weg 6";118;"Herm.-Loens-Weg 6, 38350 Helmstedt"
"AES2.1";"276";"AES.276 - Herm.-Loens-Weg 7";119;"Herm.-Loens-Weg 7, 38350 Helmstedt"
"AES2.1";"277";"AES.277 - Th.-Storm-Weg 6";120;"Th.-Storm-Weg 6, 38350 Helmstedt"
"AES2.1";"278";"AES.278 - Th.-Storm-Weg 8";121;"Th.-Storm-Weg 8, 38350 Helmstedt"
"AES2.1";"279";"AES.279 - Th.-Storm-Weg 10";122;"Th.-Storm-Weg 10, 38350 Helmstedt"
"AES2.1";"280";"AES.280 - Th.-Storm-Weg 12";123;"Th.-Storm-Weg 12, 38350 Helmstedt"
"AES2.1";"282";"AES.282 - Tangermuehlenweg 44";124;"Tangermuehlenweg 44, 38350 Helmstedt"
"AES2.1";"283";"AES.283 - Tangermuehlenweg 48";125;"Tangermuehlenweg 48, 38350 Helmstedt"
"AES2.1";"284";"AES.284 - Tangermuehlenweg 56";126;"Tangermuehlenweg 56, 38350 Helmstedt"
"AES2.1";"285";"AES.285 - Tangermuehlenweg 52";127;"Tangermuehlenweg 52, 38350 Helmstedt"
"AES2.1";"286";"AES.286 - Brandenburger Straße 10";128;"Brandenburger Straße 10, 38364 Schöningen"
"AES2.1";"287";"AES.287 - Brandenburger Straße 8";129;"Brandenburger Straße 8, 38364 Schöningen"
"AES2.1";"288";"AES.288 - Brandenburger Straße 12";130;"Brandenburger Straße 12, 38364 Schöningen"
"AES2.1";"289";"AES.289 - Goetheplatz 5";131;"Goetheplatz 5, 38364 Schöningen"
"AES2.1";"290";"AES.290 - Goetheplatz 6";132;"Goetheplatz 6, 38364 Schöningen"
"AES2.1";"291";"AES.291 - Burgstraße 13";133;"Burgstraße 13, 38364 Schöningen"
"AES2.1";"292";"AES.292 - Eichendorffstraße 18";134;"Eichendorffstraße 18, 38364 Schöningen"
"AES2.1";"293";"AES.293 - Cunostraße 13";135;"Cunostraße 13, 38364 Schöningen"
"AES2.1";"294";"AES.294 - Wilhelm-Busch-Straße 38";136;"Wilhelm-Busch-Straße 38, 38364 Schöningen"
"AES2.1";"295";"AES.295 - Wilhelm-Busch-Straße 42";137;"Wilhelm-Busch-Straße 42, 38364 Schöningen"
"AES2.1";"297";"AES.297 - Eichendorffstraße 13";138;"Eichendorffstraße 13, 38364 Schöningen"
"AES2.1";"298";"AES.298 - Eichendorffstraße 15";139;"Eichendorffstraße 15, 38364 Schöningen"
"AES2.1";"299";"AES.299 - Eichendorffstraße 17";140;"Eichendorffstraße 17, 38364 Schöningen"
"AES2.1";"300";"AES.300 - Eichendorffstraße 19";141;"Eichendorffstraße 19, 38364 Schöningen"
"AES2.1";"301";"AES.301 - Wilhelm-Busch-Straße 26";142;"Wilhelm-Busch-Straße 26, 38364 Schöningen"
"AES2.1";"302";"AES.302 - Wilhelm-Busch-Straße 34";143;"Wilhelm-Busch-Straße 34, 38364 Schöningen"
"AES2.1";"303";"AES.303 - Eichendorffstraße 16";144;"Eichendorffstraße 16, 38364 Schöningen"
"AES2.1";"308";"AES.308 - Rhönstraße 7";145;"Rhönstraße 7, 42579 Heiligenhaus"
"AES2.1";"309";"AES.309 - Sieverstorstraße 1 [Hinterhaus]";146;"Sieverstorstraße 1, 39106 Magdeburg"
"AES2.1";"311";"AES.311 - Ballenstedter Straße 3";147;"Ballenstedter Straße 3, 39118 Magdeburg"
"AES2.1";"312";"AES.312 - Westring 277";148;"Westring 277, 24116 Kiel"
"AES2.1";"314";"AES.314 - Viersener Straße 8";149;"Viersener Straße 8, 47805 Krefeld"
"AES2.1";"317";"AES.317 - Hospitalstraße 39";150;"Hospitalstraße 39, 40597 Düsseldorf"
"AES2.1";"318";"AES.318 - Hospitalstraße 36";151;"Hospitalstraße 36, 40597 Düsseldorf"
"AES2.1";"319";"AES.319 - Hospitalstraße 40";152;"Hospitalstraße 40, 40597 Düsseldorf"
"AES2.1";"320";"AES.320 - Steinhauerstraße 16";153;"Steinhauerstraße 16, 40597 Düsseldorf"
"AES2.1";"325";"AES.325 - Capitostraße 25";154;"Capitostraße 25, 40597 Düsseldorf"
"AES2.1";"330";"AES.330 - Nettenberg 39";155;"Nettenberg 39, 42349 Wuppertal"
"AES2.1";"333";"AES.333 - Vertrauenschachtstraße 6-10e";156;"Vertrauenschachtstraße 6-10e, 09385 Lugau"
"AES2.1";"334";"AES.334 - Zwickauer Straße 6";157;"Zwickauer Straße 6, 44139 Dortmund"
"AES2.1";"335";"AES.335 - Zwickauer Straße 4";158;"Zwickauer Straße 4, 44139 Dortmund"
"AES2.1";"343";"AES.343 - Bochumer Straße 145";159;"Bochumer Straße 145, 44866 Bochum"
"AES2.1";"346";"AES.346 - Hauptstraße 60";160;"Hauptstraße 60, 55120 Mainz Mombach"
"AES2.1";"350";"AES.350 - Meerkamp 3";161;"Meerkamp 3, 45327 Essen"
"AES2.1";"351";"AES.351 - Meerkamp 15";162;"Meerkamp 15, 45327 Essen"
"AES2.1";"353";"AES.353 - Hirschbergstraße 5";163;"Hirschbergstraße 5, 01662 Meißen"
"AES2.1";"355";"AES.355 - Am Schloß 1";164;"Am Schloß 1, 04683 Naunhof"
"AES2.1";"356";"AES.356 - Jahnstraße 18";165;"Jahnstraße 18, 26954 Nordenham"
"AES2.1";"360";"AES.360 - Dickswall 102";166;"Dickswall 102, 45468 MühlheimanderRuhr"
"AES2.1";"361";"AES.361 - Vertrauenschachtstraße 10";167;"Vertrauenschachtstraße 10, 09385 Lugau"
"AES2.1";"363";"AES.363 - Bochumer Straße 150";168;"Bochumer Straße 150, 45886 Gelsenkirchen"
"AES2.1";"365";"AES.365 - Middelicher Straße 273";169;"Middelicher Straße 273, 45892 Gelsenkirchen"
"AES2.1";"366";"AES.366 - Scherers Hof 21";170;"Scherers Hof 21, 46045 Oberhausen"
"AES2.1";"370";"AES.370 - Rosastraße 17";171;"Rosastraße 17, 47226 Duisburg"
"AES2.1";"372";"AES.372 - Rosastraße 21";172;"Rosastraße 21, 47226 Duisburg"
"AES2.1";"374";"AES.374 - Fastenrathstraße 1";173;"Fastenrathstraße 1, 42853 Remscheid"
"AES2.1";"376";"AES.376 - Hans-Gottwald-Straße 2";174;"Hans-Gottwald-Straße 2, 07318 Saalfeld"
"AES2.1";"378";"AES.378 - Prediger Straße 8";175;"Prediger Straße 8, 27283 Verden"
"AES2.1";"380";"AES.380 - Hubertusstraße 144";176;"Hubertusstraße 144, 47798 Krefeld"
"AES2.1";"383";"AES.383 - Hülser Straße 129/131";177;"Hülser Straße 129/131, 47803 Krefeld"
"AES2.1";"384";"AES.384 - Banter Weg 153";178;"Banter Weg 153, 26382 Wilhelmshaven"
"AES2.1";"385";"AES.385 - Vennfelder Straße 37";179;"Vennfelder Straße 37, 47805 Krefeld"
"AES2.1";"388";"AES.388 - Goethestraße 43";180;"Goethestraße 43, 50126 Bergheim"
"AES2.1";"389";"AES.389 - Goethestraße 51";181;"Goethestraße 51, 50126 Bergheim"
"AES2.1";"390";"AES.390 - Goethestraße 47";182;"Goethestraße 47, 50126 Bergheim"
"AES2.1";"391";"AES.391 - Bergerstraße 156";183;"Bergerstraße 156, 50321 Brühl"
"AES2.1";"392";"AES.392 - Bergerstraße 154";184;"Bergerstraße 154, 50321 Brühl"
"AES2.1";"394";"AES.394 - Ölhafendamm 6e";185;"Ölhafendamm 6e, 26384 Wilhelmshaven"
"AES2.1";"395";"AES.395 - Selbecker Straße 70";186;"Selbecker Straße 70, 58091 Hagen"
"AES2.1";"397";"AES.397 - Allensteinweg 15";187;"Allensteinweg 15, 26388 Wilhelmshaven"
"AES2.1";"398";"AES.398 - Hufelandstraße 1";188;"Hufelandstraße 1, 58097 Hagen"
"AES2.1";"399";"AES.399 - Weichselstraße 50a";189;"Weichselstraße 50a, 26388 Wilhelmshaven"
"AES2.1";"400";"AES.400 - Auf dem Wichterbruch 2";190;"Auf dem Wichterbruch 2, 58135 Hagen"
"AES2.1";"401";"AES.401 - Herbeder Straße 22";191;"Herbeder Straße 22, 58455 Witten"
"AES2.1";"403";"AES.403 - Knapper Straße 40";192;"Knapper Straße 40, 58507 Lüdenscheid"
"AES2.1";"404";"AES.404 - Allensteinweg 28";193;"Allensteinweg 28, 26388 Wilhelmshaven"
"AES2.1";"408";"AES.408 - Hermannstraße 31";194;"Hermannstraße 31, 59494 Soest"
"AES2.1";"409";"AES.409 - Hermannstraße 23";195;"Hermannstraße 23, 59494 Soest"
"AES2.1";"410";"AES.410 - Hermannstraße 11";196;"Hermannstraße 11, 59494 Soest"
"AES2.1";"411";"AES.411 - Hermannstraße 14";197;"Hermannstraße 14, 59494 Soest"
"AES2.1";"412";"AES.412 - Hermannstraße 19";198;"Hermannstraße 19, 59494 Soest"
"AES2.1";"413";"AES.413 - Hermannstraße 15";199;"Hermannstraße 15, 59494 Soest"
"AES2.1";"414";"AES.414 - Hermannstraße 18";200;"Hermannstraße 18, 59494 Soest"
"AES2.1";"416";"AES.416 - Hermannstraße 20";201;"Hermannstraße 20, 59494 Soest"
"AES2.1";"417";"AES.417 - Hermannstraße 28";202;"Hermannstraße 28, 59494 Soest"
"AES2.1";"418";"AES.418 - Hermannstraße 24";203;"Hermannstraße 24, 59494 Soest"
"AES2.1";"419";"AES.419 - Hermannstraße 27";204;"Hermannstraße 27, 59494 Soest"
"AES2.1";"420";"AES.420 - Hermannstraße 12";205;"Hermannstraße 10, 59494 Soest"
"AES2.1";"421";"AES.421 - Gräfenbergring 22";206;"Gräfenbergring 22, 59846 Sundern"
"AES2.1";"422";"AES.422 - Gräfenbergring 10";207;"Gräfenbergring 10, 59846 Sundern"
"AES2.1";"424";"AES.424 - Gräfenbergring 18";208;"Gräfenbergring 18, 59846 Sundern"
"AES2.1";"425";"AES.425 - Gräfenbergring 14";209;"Gräfenbergring 14, 59846 Sundern"
"AES2.1";"426";"AES.426 - Gräfenbergring 20";210;"Gräfenbergring 20, 59846 Sundern"
"AES2.1";"427";"AES.427 - Eichendorffstraße 85";211;"Eichendorffstraße 85, 59846 Sundern"
"AES2.1";"428";"AES.428 - Eichendorffstraße 83";212;"Eichendorffstraße 83, 59846 Sundern"
"AES2.1";"429";"AES.429 - Nordring 37c";213;"Nordring 37c, 64807 Dieburg"
"AES2.1";"430";"AES.430 - Nordring 37";214;"Nordring 37, 64807 Dieburg"
"AES2.1";"431";"AES.431 - Nordring 37a";215;"Nordring 37a, 64807 Dieburg"
"AES2.1";"432";"AES.432 - Nordring 37b";216;"Nordring 37b, 64807 Dieburg"
"AES2.1";"434";"AES.434 - Allensteinweg 12";217;"Allensteinweg 12, 26388 Wilhelmshaven"
"AES2.1";"436";"AES.436 - Amerigo-Vespucci-Straße 11";218;"Amerigo-Vespucci-Straße 11, 26389 Wilhelmshaven"
"AES2.1";"437";"AES.437 - Europaring 4";219;"Europaring 4, 26389 Wilhelmshaven"
"AES2.1";"438";"AES.438 - Weidenstraße 71";220;"Weidenstraße 71, 26389 Wilhelmshaven"
"AES2.1";"439";"AES.439 - Straßburger Allee 11";221;"Straßburger Allee 11, 26389 Wilhelmshaven"
"AES2.1";"441";"AES.441 - Straßburger Allee 47";222;"Straßburger Allee 47, 26389 Wilhelmshaven"
"AES2.1";"443";"AES.443 - Berliner Straße 141";223;"Berliner Straße 141, 42277 Wuppertal"
"AES2.1";"444";"AES.444 - Amtshof 1a/b/c";224;"Amtshof 1a/b/c, 04808 Wurzen"
"AES2.1";"446";"AES.446 - Stellbrinkstr. 7";225;"Stellbrinkstr. 5-7, 23566 Lübeck"
"AES2.1";"447";"AES.447 - Stellbrinkstr. 11";226;"Stellbrinkstr. 9-11, 23566 Lübeck"
"AES2.1";"448";"AES.448 - Stellbrinkstr. 15";227;"Stellbrinkstr. 13-15, 23566 Lübeck"
"AES2.1";"449";"AES.449 - Schillerstr. 44";228;"Schillerstr. 44, 24576 Bad Bramstedt"
"AES2.1";"450";"AES.450 - Schillerstr. 48";229;"Schillerstr. 48, 24576 Bad Bramstedt"
"AES2.1";"451";"AES.451 - Schillerstr. 50";230;"Schillerstr. 50, 24576 Bad Bramstedt"
"AES2";"2";"Gaszähler nicht aufschaltbar";2;""
"AES2.2";"115";"AES.115 - Rheinstraße 84";1;"Rheinstraße 84, 26382 Wilhelmshaven"
"AES2.2";"405";"AES.405 - Virchowstraße 19";2;"Virchowstraße 19, 59077 Hamm"
"AES2.2";"137";"AES.137 - Graf-Bernadotte-Straße 1";3;"Graf-Bernadotte-Straße 1, 47228 Duisburg"
"AES2.2";"332";"AES.332 - Kalver Landweg 1";4;"Kalver Landweg 1, 58511 Lüdenscheid"
"AES2.2";"322";"AES.322 - Melanchthonstraße 3";5;"Melanchthonstraße 3, 40597 Düsseldorf"
"AES2.2";"407";"AES.407 - Oderstraße 61";6;"Oderstraße 61, 26388 Wilhelmshaven"
"AES2.2";"208";"AES.208 - Berliner Straße 124";7;"Berliner Straße 124, 28857 Syke"
"AES2.2";"313";"AES.313 - Inrather Straße 568";8;"Inrather Straße 568, 47803 Krefeld"
"AES2.2";"131";"AES.131 - Franz-von-Liszt-Straße 16";9;"Franz-von-Liszt-Straße 16, 39288 Burg"
"AES2.2";"105";"AES.105 - Poggenbreeden 2";10;"Poggenbreeden 2, 23843 Bad Oldesloe"
"AES2.2";"103";"AES.103 - Im Hölk 2";11;"Im Hölk 2, 23843 Bad Oldesloe"
"AES2.2";"381";"AES.381 - Bremer Straße 174";12;"Bremer Straße 174, 26382 Wilhelmshaven"
"AES2.2";"149";"AES.149 - Meerkamp 35";13;"Meerkamp 35, 45327 Essen"
"AES2.2";"185";"AES.185 - Meerkamp 4";14;"Meerkamp 4, 45327 Essen"
"AES2.2";"195";"AES.195 - Meerkamp 36";15;"Meerkamp 36, 45327 Essen"
"AES2.2";"348";"AES.348 - Meerkamp 9";16;"Meerkamp 9, 45327 Essen"
"AES2.2";"358";"AES.358 - Am Bauhof 13";17;"Am Bauhof 13, 31224 Peine"
"AES2.2";"377";"AES.377 - Beulwitzer Straße 25";18;"Beulwitzer Straße 25, 07318 Saalfeld"
"AES2.2";"375";"AES.375 - Prinz-Louis-Ferdinand-Straße 6";19;"Prinz-Louis-Ferdinand-Straße 6, 07318 Saalfeld"
"AES2.2";"362";"AES.362 - Blankensteiner Straße 10";20;"Blankensteiner Straße 10, 45525 Hattingen"
"AES2.2";"327";"AES.327 - Querstraße 14";21;"Querstraße 14, 42119 Wuppertal"
"AES2.2";"324";"AES.324 - Capitostraße 9";22;"Capitostraße 9, 40597 Düsseldorf"
"AES2.2";"435";"AES.435 - Gdingener Straße 21";23;"Gdingener Straße 21, 26388 Wilhelmshaven"
"AES2.2";"125";"AES.125 - Doraweg 3";24;"Doraweg 3, 26384 Wilhelmshaven"
"AES2.2";"225";"AES.225 - Gustav-Schormann-Straße 1";25;"Gustav-Schormann-Straße 1, 32108 Bad Salzuflen"
"AES2.2";"224";"AES.224 - Birkenweg 12";26;"Birkenweg 12, 32107 Bad Salzuflen"
"AES2.2";"223";"AES.223 - Birkenweg 14";27;"Birkenweg 14, 32107 Bad Salzuflen"
"AES2.2";"232";"AES.232 - Hopfenhof 1a";28;"Hopfenhof 1a, 37412 Herzberg"
"AES2.2";"402";"AES.402 - Im Hammertal 70a";29;"Im Hammertal 70a, 58456 Witten"
"AES2.2";"415";"AES.415 - Hermannstraße 8";30;"Hermannstraße 8, 59494 Soest"
"AES2.2";"117";"AES.117 - Mitscherlichstraße 39";31;"Mitscherlichstraße 39, 26382 Wilhelmshaven"
"AES2";"X";"Anlagen in Installationsphase";3;""
"AES2.X";"106";"AES.106 - Gottfried-Polysius-Straße 12";1;"Gottfried-Polysius-Straße 12, 59269 Beckum"
"AES2.X";"120";"AES.120 - Oldeoogestraße 27a";2;"Oldeoogestraße 27a, 26382 Wilhelmshaven"
"AES2.X";"141";"AES.141 - Wagnerstraße 6";3;"Wagnerstraße 6, 47239 Duisburg"
"AES2.X";"142";"AES.142 - Wagnerstraße 4";4;"Wagnerstraße 4, 47239 Duisburg"
"AES2.X";"143";"AES.143 - Wagnerstraße 2";5;"Wagnerstraße 2, 47239 Duisburg"
"AES2.X";"133";"AES.133 - Holbeinstraße 4";6;"Holbeinstraße 4, 27753 Delmenhorst"
"AES2.X";"135";"AES.135 - Udetweg 25-32";7;"Udetweg 25-32, 49356 Diepholz"
"AES2.X";"144";"AES.144 - Beethovenstraße 5";8;"Beethovenstraße 5, 47239 Duisburg"
"AES2.X";"164";"AES.164 - Genossenschaftsstraße 81";9;"Genossenschaftsstraße 81, 26389 Wilhelmshaven"
"AES2.X";"176";"AES.176 - Am Wiesenhof 1";10;"Am Wiesenhof 1, 26389 Wilhelmshaven"
"AES2.X";"186";"AES.186 - Eschenweg 55";11;"Eschenweg 55, 27404 Zeven"
"AES2.X";"188";"AES.188 - Eschenweg 51";12;"Eschenweg 51, 27404 Zeven"
"AES2.X";"189";"AES.189 - Erlenweg 8";13;"Erlenweg 8, 27404 Zeven"
"AES2.X";"190";"AES.190 - Eschenweg 31";14;"Eschenweg 31, 27404 Zeven"
"AES2.X";"215";"AES.215 - Steinhausstraße 107/109";15;"Steinhausstraße 107/109, 58099 Hagen"
"AES2.X";"218";"AES.218 - Breslauer Straße 1";16;"Breslauer Straße 1, 32105 Bad Salzuflen"
"AES2.X";"316";"AES.316 - Hospitalstraße 37";17;"Hospitalstraße 37, 40597 Düsseldorf"
"AES2.X";"445";"AES.445 - Eschenweg 24";18;"Eschenweg 24, 27404 Zeven"
"AES2.X";"433";"AES.433 - Schloßstraße 30";19;"Schloßstraße 30, 68549 Ilvesheim"
"AES2.X";"423";"AES.423 - Gräfenbergring 12";20;"Gräfenbergring 12, 59846 Sundern"
"AES2.X";"406";"AES.406 - Virchowstraße 23";21;"Virchowstraße 23, 59077 Hamm"
"AES2.X";"387";"AES.387 - Börsenstraße 52";22;"Börsenstraße 52, 26382 Wilhelmshaven"
"AES2.X";"382";"AES.382 - Hülser Straße 462";23;"Hülser Straße 462, 47803 Krefeld"
"AES2.X";"373";"AES.373 - Eichenstraße 33";24;"Eichenstraße 33, 47228 Duisburg"
"AES2.X";"369";"AES.369 - Rheinstraße 32";25;"Rheinstraße 32, 47198 Duisburg"
"AES2.X";"368";"AES.368 - Mathildenstraße 16";26;"Mathildenstraße 16, 47169 Duisburg"
"AES2.X";"179";"AES.179 - Meerkamp 22";27;"Meerkamp 22, 45327 Essen"
"AES2.X";"199";"AES.199 - Schönianstraße 22";28;"Schönianstraße 22, 27570 Bremerhaven"
"AES2.X";"221";"AES.221 - Nienheider Weg 18";29;"Nienheider Weg 18, 32107 Bad Salzuflen"
"AES2.X";"364";"AES.364 - Langestraße 1";30;"Langestraße 1, 45892 Gelsenkirchen"
"AES2.X";"354";"AES.354 - Meerkamp 1";31;"Meerkamp 1, 45327 Essen"
"AES2.X";"107";"AES.107 - Berliner Straße 9";32;"Berliner Straße 9, 33647 Bielefeld"
"AES2.X";"111";"AES.111 - Straße des NAW 3";33;"Straße des NAW 3, 04552 Borna"
"AES2.X";"112";"AES.112 - Neustädtische Heidestraße 38";34;"Neustädtische Heidestraße 38, 14776 Brandenburg"
"AES2.X";"113";"AES.113 - Neustädtische Heidestraße 47";35;"Neustädtische Heidestraße 47, 14776 Brandenburg"
"AES2.X";"209";"AES.209 - Körnerstraße 81-83";36;"Körnerstraße 81-83, 58095 Hagen"
"AES2.X";"226";"AES.226 - Alte Landstraße 49";37;"Alte Landstraße 49, 32108 Bad Salzuflen"
"AES2.X";"230";"AES.230 - Quedlinburger Straße46";38;"Quedlinburger Straße46, 38820 Halberstadt"
"AES2.X";"231";"AES.231 - Kolberger Straße 1,1a,1b -17a";39;"Kolberger Straße 1,1a,1b -17a, 31789 Hameln"
"AES2.X";"233";"AES.233 - Tulpenstraße 4";40;"Tulpenstraße 4, 37412 Herzberg"
"AES2.X";"296";"AES.296 - Eichendorffstraße 11";41;"Eichendorffstraße 11, 38364 Schöningen"
"AES2.X";"304";"AES.304 - Darwinstraße10";42;"Darwinstraße10, 38820 Halberstadt"
"AES2.X";"305";"AES.305 - Darwinstraße8";43;"Darwinstraße8, 38820 Halberstadt"
"AES2.X";"306";"AES.306 - Darwinstraße 6";44;"Darwinstraße 6, 38820 Halberstadt"
"AES2.X";"307";"AES.307 - Quedlinburger Straße42";45;"Quedlinburger Straße42, 38820 Halberstadt"
"AES2.X";"310";"AES.310 - Rich.-Wagner-Platz 5";46;"Rich.-Wagner-Platz 5, 38350 Helmstedt"
"AES2.X";"315";"AES.315 - Scheurenstraße 27";47;"Scheurenstraße 27, 40215 Düsseldorf"
"AES2.X";"328";"AES.328 - Paulinenstraße16";48;"Paulinenstraße16, 04315 Leipzig"
"AES2.X";"329";"AES.329 - Friedrich-Engels-Allee 296";49;"Friedrich-Engels-Allee 296, 42285 Wuppertal"
"AES2.X";"331";"AES.331 - Hasselbreite 5";50;"Hasselbreite 5, 23560 Lübeck"
"AES2.X";"340";"AES.340 - Schürbankstraße 72";51;"Schürbankstraße 72, 44287 Dortmund"
"AES2.X";"341";"AES.341 - Alter Hellweg 81";52;"Alter Hellweg 81, 44379 Dortmund"
"AES2.X";"342";"AES.342 - Bochumer Straße 147";53;"Bochumer Straße 147, 44866 Bochum"
"AES2.X";"345";"AES.345 - Alt Salbke 47";54;"Alt Salbke 47, 39122 Magdeburg"
"AES2.X";"347";"AES.347 - Meerkamp 40";55;"Meerkamp 40, 45327 Essen"
"AES2.X";"357";"AES.357 - Rosengasse 19";56;"Rosengasse 19, 99734 Nordhausen"
"AES2.X";"361";"AES.361 - Roonstraße 5";57;"Roonstraße 5, 45476 MühlheimanderRuhr"
"AES2.X";"396";"AES.396 - Allensteinweg 20";58;"Allensteinweg 20, 26388 Wilhelmshaven"
"AES2.X";"219";"AES.219 - Nienheider Weg 20";59;"Nienheider Weg 20, 32107 Bad Salzuflen"
"AES2.X";"122";"AES.122 - Bremer Straße 114";60;"Bremer Straße 114, 26382 Wilhelmshaven"
"AES2";"3";"GZ aufgeschaltet, WMZ fehlt";4;""
"AES2.3";"367";"AES.367 - Baustraße 34";1;"Baustraße 34, 47137 Duisburg"
"AES2.3";"180";"AES.180 - Meerkamp 28";2;"Meerkamp 28, 45327 Essen"
"AES2.3";"379";"AES.379 - St.-Anton-Straße 101";3;"St.-Anton-Straße 101, 47798 Krefeld"
"AES2.3";"201";"AES.201 - Meerkamp 47";4;"Meerkamp 47, 45327 Essen"
"AES2.3";"371";"AES.371 - Rosastraße 25";5;"Rosastraße 25, 47226 Duisburg"
"AES2.3";"442";"AES.442 - Dietrich-Bonhoeffer-Straße 71";6;"Dietrich-Bonhoeffer-Straße 71, 47877 Willich"
"AES2.3";"393";"AES.393 - Norderneystraße 15";7;"Norderneystraße 15, 26384 Wilhelmshaven"
"AES2.3";"359";"AES.359 - Unterstraße 46";8;"Unterstraße 46, 45359 Essen"
"AES2.3";"352";"AES.352 - Meerkamp 59";9;"Meerkamp 59, 45327 Essen"
"AES2.3";"344";"AES.344 - Amsdorfstraße 2";10;"Amsdorfstraße 2, 39112 Magdeburg"
"AES2.3";"338";"AES.338 - Rheinische Straße 139";11;"Rheinische Straße 139, 44147 Dortmund"
"AES2.3";"337";"AES.337 - Rückertstraße 32";12;"Rückertstraße 32, 44147 Dortmund"
"AES2.3";"326";"AES.326 - Weststraße 42";13;"Weststraße 42, 40597 Düsseldorf"
"AES2.3";"321";"AES.321 - Weststraße 46";14;"Weststraße 46, 40597 Düsseldorf"
"AES2.3";"109";"AES.109 - Etatsrat-Michaelsen-Straße 11";15;"Etatsrat-Michaelsen-Straße 11, 25554 Wilster"
"AES2.3";"110";"AES.110 - Etatsrätin-Doos-Straße 7";16;"Etatsrätin-Doos-Straße 7, 25554 Wilster"
"AES2.3";"281";"AES.281 - Glockbergstraße 14";17;"Glockbergstraße 14, 38350 Helmstedt"
"AES2.3";"226";"AES.226 - Dornbusch 17";18;"Dornbusch 17, 31789 Hameln"
"AES2.3";"198";"AES.198 - Schönianstraße 36";19;"Schönianstraße 36, 27570 Bremerhaven"
"AES2.3";"211";"AES.211 - Neisser Straße 1-5";20;"Neisser Straße 1-5, 31241 Ilsede"
"AES2.3";"229";"AES.229 - Obermarktstraße 13";21;"Obermarktstraße 13, 32423 Minden"
"AES2.3";"242";"AES.242 - Hildesheimer Straße 141";22;"Hildesheimer Straße 141, 30173 Hannover"
"AES2.3";"336";"AES.336 - Oestermärsch 83";23;"Oestermärsch 83, 44145 Dortmund"
"AES2.3";"121";"AES.121 - Marktstraße 150";24;"Marktstraße 150, 26382 Wilhelmshaven"
"AES2.3";"440";"AES.440 - Weidenstraße 72";25;"Weidenstraße 72, 26389 Wilhelmshaven"
"AES2.3";"339";"AES.339 - Kesselstraße 55";26;"Kesselstraße 55, 44147 Dortmund"
"AES2.3";"134";"AES.134 - Felix-Fechenbach-Straße 38";27;"Felix-Fechenbach-Straße 38, 32756 Detmold"
"AES2.3";"187";"AES.187 - Eschenweg 47";28;"Eschenweg 47, 27404 Zeven"
"AES2";"5";"ausgerüstete Anlagen";5;""
"AES2.5";"222";"AES.222 - Nienheider Weg 16";1;"Nienheider Weg 16, 32107 Bad Salzuflen"
"AES2.5";"323";"AES.323 - Melanchthonstraße 7";2;"Melanchthonstraße 7, 40597 Düsseldorf"
"AES2.5";"386";"AES.386 - Werftstraße 59";3;"Werftstraße 59, 26382 Wilhelmshaven"
"AES2.5";"349";"AES.349 - Meerkamp 53";4;"Meerkamp 53, 45327 Essen"
"AES2";"4";"Alt-Anlagen";6;""
"AES2.4";"452";"AES.452 - Schillerstr. 52";1;"Schillerstr. 52, 24576 Bad Bramstedt"
"AES2.4";"453";"AES.453 - Schillerstr. 54";2;"Schillerstr. 54, 24576 Bad Bramstedt"
"";"AES";"Adler Energie Service";3;""
"";"BAA";"BAA";4;""
"";"BHK";"BHK-Gruppe";5;"BHK-Systeme GmbH"
"BHK";"001";"BHKW MEDIAN Klinik Hoppegarten";1;"MEDIAN Klinik Hoppegarten"
"";"EGC";"Energie- und Gebäudetechnik Control";6;"EGC Energie- und Gebäudetechnik Control GmbH & Co. KG"
"EGC";"001";"EGC.001 - Düsseldorfer Str. 133";1;"WEZ Düsseldorfer Str. 133, 51063 Köln - Mülheim"
"EGC";"002";"EGC.002 - Düsseldorfer Str. 145";2;"WEZ Düsseldorfer Str. 145, 51063 Köln - Mülheim"
"";"EWS";"ENERGIE Wohnen Service";7;"ENERGIE Wohnen Service GmbH"
"EWS";"001";"EWS.001 - Pappelhof 2";1;"WEZ Pappelhof 2, 06184 Kabelsketal (bei Leipzig)"
"EWS";"002";"EWS.002 - Buchfinkenweg 10";2;"WEZ Buchfinkenweg 10, 04159 Leipzig"
"EWS";"003";"EWS.003 - Mauerstraße 35";3;"Mauerstraße 35,36, 14641 Nauen"
"EWS";"004";"EWS.004 - Friedrich-Wöhlerstr. 22";4;"Friedrich-Wöhlerstr. 22,24,26,28, 34127 Kassel"
"EWS";"005";"EWS.005 - Reppnersche Straße 38";5;"Reppnersche Straße 38,40, Teichwiesenweg 7a,9a,11a,13a; 38226 Salzgitter"
"EWS";"006";"EWS.006 - Wannseestrasse 30";6;"Wannseestrasse 30, 14532 Stahnsdorf"
"EWS";"007";"EWS.007 - Am Carlsgarten 6";7;"Am Carlsgarten 6,8, 10318 Berlin"
"";"ESP";"EnergieServicePlus";8;"EnergieServicePlus GmbH"
"ESP";"001";"ESP.001 - Reschop 10, 45525 Hattingen";1;"Verantwortlicher vor Ort: Hr. Holger Voigt, 0211 740 704 770"
"ESP";"002";"ESP.002 - Reschop 14, 45525 Hattingen";2;"Verantwortlicher vor Ort: Hr. Holger Voigt, 0211 740 704 770"
"ESP";"003";"ESP.003 - Albert-Schweitzer-Str. 7, 51377  Leverkusen";3;"Albert-Schweitzer-Str. 7, 51377  Leverkusen"
"ESP";"004";"ESP.004 - Albert-Schweitzer-Str. 17, 51377  Leverkusen";4;"Albert-Schweitzer-Str. 17 (9, 11,13,15), 51377  Leverkusen"
"ESP";"005";"ESP.005 - Albert-Schweitzer-Str. 21, 51377  Leverkusen";5;"Albert-Schweitzer-Str. 21, 51377  Leverkusen"
"ESP";"006";"ESP.006 - Fichtestr. 17, 51377  Leverkusen";6;"Fichtestr. 17 (17, 19, 21, 23, 25), 51377  Leverkusen"
"ESP";"007";"ESP.007 - Weststr. 66, Bochum";7;"Weststr. 66, 44866 Bochum"
"ESP.007";"007_1";"Weststr. 66 Heizzentrale";1;"Heizzentrale"
"ESP.007";"007_2";"Weststr. 66 Unterstation";2;"Weststr. 66 Unterstation"
"ESP.007";"007_3";"Weststr. 78 Unterstation";3;"Weststr. 78 Unterstation"
"ESP.007";"007_4";"Weststr. 88 Unterstation";4;"Weststr. 88 Unterstation"
"ESP";"008";"ESP.008 - Heizwerk 2 - Danziger Str. 9, 57223 Kreuztal - temporär";8;""
"ESP";"009";"ESP.009 - Heizwerk 4 - Kattowitzer Str. 10, 57223 Kreuztal - temporär";9;""
"ESP";"010";"ESP.010 - Heizwerk 9 - Eggersten Ring 28, 57223 Kreuztal - temporär";10;""
"ESP";"011";"ESP.011 -  Heizkraftwerk 8 - Eggersten Ring 20, 57223 Kreuztal";11;""
"ESP";"012";"ESP.012 - Bonn, Königsberger Str. 7";12;""
"";"EWUd";"EWUS Demo";9;"EWUS GmbH"
"EWUd";"901";"STO.001 - Demoanlage Bad Nauheim";1;""
"EWUd";"909";"EWU.909 - Demoanlage Berlin";2;""
"EWUd";"002";"EWU.002 - Weidenweg 17";3;"WEZ Weidenweg 17, 10249 Berlin (Friedrichshain)"
"EWUd";"904";"EWU.904 - Demoanlage Helmstedt";4;"Anlage für einen Demozugang"
"";"EWU";"EWUS";10;"EWUS eigene Anlagen"
"EWU";"100";"Bad Karlshafen";1;"Schwimmbad"
"EWU";"003";"EWU.003 - Neu-Langerwisch 10";2;"WEZ Neu-Langerwisch 10, 14552 Michendorf"
"EWU";"004";"EWU.004 - EWU Marktpassage Helmstedt";3;"EWU Helmstedt, Marktpassage, Neumärker Str. 1a-3, Georgienstr. 10, Schuhstr. 26, 38350 Helmstedt"
"EWU";"006";"EWU.006 - Berliner Str. 11";4;"Berliner Str. 11, 16866"
"EWU";"007";"EWU.007 - Seestrasse 4";5;"Seestrasse 4, 16866 Kyritz"
"EWU";"008";"EWU.008 - Seestrasse 6b";6;"Seestrasse 6b, 16866 Kyritz"
"EWU";"200";"EWU.200 - TestBox ""Teichpumpe""";7;"TestBox ""Teichpumpe"""
"EWU";"009";"EWU.009 - Wühlischstr. 27 - EGI";8;"Wühlischstr. 27, 10245 Berlin"
"EWU";"010";"EWU.010 - Ordensmeisterstr. 15-16";9;"Ordensmeisterstr. 15-16, 12099 Berlin"
"";"STO";"Systeno";11;"Systeno"
"STO";"001";"STO.001 - Am Heiligenstock 8 (8-12a, Dieselstraße 1a)";1;"WEZ Am Heiligenstock 8 (8-12a, Dieselstraße 1a), 61231 Bad Nauheim"
"STO";"003";"STO.003 - Berliner Ring 47 (41-47) (Kein Gaszähler, Zugang zum Gasraum nicht mit dem Schlüssel mögli";2;"WEZ Berliner Ring 47 (41-47), 63303 Dreieich"
"STO";"004";"STO.004 - Grillparzerstraße 24 (18-24, Wrangelstraße 1+3)";3;"WEZ Grillparzerstraße 24 (18-24, Wrangelstraße 1+3), 40470 Düsseldorf"
"STO";"005";"STO.005 - Grillparzerstraße 10 (2-16)";4;"WEZ Grillparzerstraße 10 (2-16), 40470 Düsseldorf"
"STO";"007";"STO.007 - Roseggerstraße 4 (2+4)";5;"WEZ Roseggerstraße 4 (2+4), 40470 Düsseldorf"
"STO";"008";"STO.008 - Roseggerstraße 13 (7-17)";6;"WEZ Roseggerstraße 13 (7-17), 40470 Düsseldorf"
"STO";"009";"STO.009 - Roseggerstraße 25 (19-27)";7;"WEZ Roseggerstraße 25 (19-27), 40470 Düsseldorf"
"STO";"010";"STO.010 - Roseggerstraße 26 (26- 30)";8;"WEZ Roseggerstraße 26 (26- 30), 40470 Düsseldorf"
"STO";"011";"STO.011 - St.-Franziskus-Straße 82 (76-82, Haeselerstraße 24-30)";9;"WEZ St.-Franziskus-Straße 82 (76-82, Haeselerstraße 24-30), 40470 Düsseldorf"
"STO";"012";"STO.012 -  St.-Franziskus-Straße 98 (84-98)";10;"WEZ St.-Franziskus-Straße 98 (84-98), 40470 Düsseldorf"
"STO";"013";"STO.013 -  St.-Franziskus-Straße 114 (100-114)";11;"WEZ St.-Franziskus-Straße 114 (100-114), 40470 Düsseldorf"
"STO";"014";"STO.014 -  Am Untertor 4 (2-6)";12;"WEZ Am Untertor 4 (2-6), 65439 Flörsheim"
"STO";"015";"STO.015 -  Artelbrückstraße 24 (20-24)";13;"WEZ Artelbrückstraße 24 (20-24), 65439 Flörsheim"
"STO";"016";"STO.016 - Jahnstraße 56";14;"WEZ Jahnstraße 56, 65439 Flörsheim"
"STO";"017";"STO.017 -  Kapellenstraße 10";15;"WEZ Kapellenstraße 10, 65439 Flörsheim"
"STO";"018";"STO.018 -  Am Eisernen Schlag 59 (57+59+61)";16;"WEZ Am Eisernen Schlag 59 (57+59+61), 60431 Frankfurt am Main"
"STO";"019";"STO.019 - Am Eisernen Schlag 65 (63+65+67)";17;"WEZ Am Eisernen Schlag 65 (63+65+67), 60431 Frankfurt am Main"
"STO";"020";"STO.020 - Am Eisernen Schlag 71 (69-73)";18;"WEZ Am Eisernen Schlag 71 (69-73), 60431 Frankfurt am Main"
"STO";"021";"STO.021 -  Birkholzweg 21 (15-23)";19;"WEZ Birkholzweg 21 (15-23), 60433 Frankfurt am Main"
"STO";"022";"STO.022 -  Birkholzweg 34 (28-36)";20;"WEZ Birkholzweg 34 (28-36), 60433 Frankfurt am Main"
"STO";"023";"STO.023 - Dieburger Straße 43-47";21;"Dieburger Straße 43-47, 60386 Frankfurt am Main"
"STO";"024";"STO.024 -  Dunantring 8";22;"WEZ Dunantring 8, 65936 Frankfurt am Main"
"STO";"025";"STO.025 - Petterweilstraße 3 (1-5), Eichwaldstraße 65-69, Germaniastraße 34-38";23;"WEZ Petterweilstraße 3 (1-5), Eichwaldstraße 65-69, Germaniastraße 34-38, 60385 Frankfurt am Main"
"STO";"026";"STO.026 - Emser Straße 39 (37-39)";24;"WEZ Emser Straße 39 (37-39), 60486 Frankfurt am Main"
"STO";"027";"STO.027 - Florastraße 15, (Konrad-Broßwitz-Straße 10-12)";25;"WEZ Florastraße 15, (Konrad-Broßwitz-Straße 10-12), 60487 Frankfurt am Main"
"STO";"028";"STO.028 - Basaltstraße 1 (Hans-Eick-Weg 8, Basaltstraße 1, Grempstraße 2+4+6)";26;"WEZ Basaltstraße 1 (Hans-Eick-Weg 8, Basaltstraße 1, Grempstraße 2+4+6), 60487 Frankfurt am Main"
"STO";"029";"STO.029 - Heidelberger Straße 15 (15-19)";27;"WEZ Heidelberger Straße 15 (15-19), 60327 Frankfurt am Main"
"STO";"031";"STO.031 - Hügelstraße 9 (1-15), Karl-von-Drais-Straße 22+24";28;"WEZ Hügelstraße 9 (1-15), Karl-von-Drais-Straße 22+24, 60435 Frankfurt am Main"
"STO";"032";"STO.032 - Im Hirschländchen 1 (1+3)";29;"WEZ Im Hirschländchen 1 (1+3), 60529 Frankfurt am Main"
"STO";"033";"STO.033 - Im Hirschländchen 13 (13-19)";30;"WEZ Im Hirschländchen 13 (13-19), 60529 Frankfurt am Main"
"STO";"034";"STO.034 - Im Hirschländchen 5 (5-11, 3A)";31;"WEZ Im Hirschländchen 5 (5-11, 3A), 60529 Frankfurt am Main"
"STO";"035";"STO.035 -  Im Mellsig 26 (26 + 28)";32;"WEZ Im Mellsig 26 (26 + 28), 60433 Frankfurt am Main"
"STO";"036";"STO.036 -  Im Mellsig 33 (31-39)";33;"WEZ Im Mellsig 33 (31-39), 60433 Frankfurt am Main"
"STO";"037";"STO.037 -  Im Vogelsgesang 9-13";34;"WEZ Im Vogelsgesang 9-13, 60488 Frankfurt am Main"
"STO";"038";"STO.038 - Konrad-Broßwitz-Str. 14 (14-20, Metzstraße 1-3)";35;"WEZ Konrad-Broßwitz-Str. 14 (14-20, Metzstraße 1-3), 60487 Frankfurt am Main"
"STO";"039";"STO.039 -  Voltastraße 6 (Kuhwaldstraße 60";36;"WEZ Voltastraße 6 (Kuhwaldstraße 60, Voltastraße 6, 8), 60486 Frankfurt am Main"
"STO";"041";"STO.041 - Marbachweg 274";37;"WEZ Marbachweg 274 (270-276), 60320 Frankfurt am Main"
"STO";"042";"STO.042 -  Marbachweg 306 (304-306)";38;"WEZ Marbachweg 306 (304-306), 60320 Frankfurt am Main"
"STO";"043";"STO.043 -  Mierendorffstraße 29 (27-29";39;"WEZ Mierendorffstraße 29 (27-29, Fritz-Tarnow-Straße 34), 60320 Frankfurt am Main"
"STO";"044";"STO.044 -  Offenbacher Landstraße 132 (132 - 138)";40;"WEZ Offenbacher Landstraße 132 (132 - 138), 60599 Frankfurt am Main"
"STO";"045";"STO.045 -  Speckgasse 2a (2 + 2a Offenbacher Landstraße 281-283)";41;"WEZ Speckgasse 2a (2 + 2a, Offenbacher Landstraße 281-283), 60599 Frankfurt am Main"
"STO";"046";"STO.046 - Palmstraße 7 (5-7)";42;"WEZ Palmstraße 7 (5-7), 60316 Frankfurt am Main"
"STO";"047";"STO.047 -  Rödelheimer Straße 8 (6-12)";43;"WEZ Rödelheimer Straße 8 (6-12), 60487 Frankfurt am Main"
"STO";"050";"STO.050 - Schönhofstraße 26 (24, 26, 28, 30)";44;"Schönhofstraße 26 (24, 26, 28, 30), 60487 Frankfurt am Main"
"STO";"051";"STO.051 -  Schwälmer Straße 1-5";45;"WEZ Schwälmer Straße 1-5, 60486 Frankfurt am Main"
"STO";"052";"STO.052 -  Schwälmer Straße 2-12";46;"WEZ Schwälmer Straße 2-12, 60486 Frankfurt am Main"
"STO";"053";"STO.053 - Schwälmer Straße 11 (9 - 13)";47;"WEZ Schwälmer Straße 11 (9 - 13), 60486 Frankfurt am Main"
"STO";"054";"STO.054 - Sigmund-Freud-Straße 36 (34-40)";48;"WEZ Sigmund-Freud-Straße 36 (34-40), 60435 Frankfurt am Main"
"STO";"055";"STO.055 -  Sigmund-Freud-Straße 65 (63-69)";49;"WEZ Sigmund-Freud-Straße 65 (63-69), 60435 Frankfurt am Main"
"STO";"057";"STO.057 - Galvanistraße 32 (32+34, Solmsstraße 9)";50;"WEZ Galvanistraße 32 (32+34, Solmsstraße 9), 60486 Frankfurt am Main"
"STO";"059";"STO.059 -  Toni-Sender-Straße 1-37, 41-47";51;"WEZ Toni-Sender-Straße 1-37, 41-47, 65936 Frankfurt am Main"
"STO";"060";"STO.060 -  Werrastr. 36";52;"Werrastraße 34-38, 60486 Frankfurt am Main"
"STO";"061";"STO.061 -  Westring 19";53;"Westring 17-23, 60488 Frankfurt am Main"
"STO";"062";"STO.062 - Rosenweg 1 (Lilienweg 2, Rosenweg 1-3)";54;"WEZ Rosenweg 1 (Lilienweg 2, Rosenweg 1-3), 61381 Friedrichsdorf"
"STO";"063";"STO.063 -  Schützenstraße 31 (29-35)";55;"WEZ Schützenstraße 31 (29-35), 61381 Friedrichsdorf"
"STO";"064";"STO.064 -  Schützenstraße 8 (8-12)";56;"WEZ Schützenstraße 8 (8-12), 61381 Friedrichsdorf"
"STO";"065";"STO.065 - Schwalbachacker 3 (1-11)";57;"WEZ Schwalbachacker 3 (1-11), 35398 Giessen"
"STO";"066";"STO.066 - Schwalbachacker 15 (13-23)";58;"WEZ Schwalbachacker 15 (13-23), 35398 Giessen"
"STO";"067";"STO.067 -  Ottostraße 5a";59;"WEZ Ottostraße 5a (5a+5b+5c), 63450 Hanau"
"STO";"068";"STO.068 - Königsberger Ring 12 (10+12)";60;"WEZ Königsberger Ring 12 (10+12), 65239 Hochheim"
"STO";"069";"STO.069 - Lieselotte-Hermann-Weg 10 (10-12)";61;"WEZ Lieselotte-Hermann-Weg 10 (10-12), 65239 Hochheim"
"STO";"071";"STO.071 - Essener Straße 1 (1+3)";62;"WEZ Essener Straße 1 (1+3), 51145 Köln"
"STO";"072";"STO.072 -  Essener Straße 2 (2+4+6) %";63;"WEZ Essener Straße 2 (2+4+6), 51145 Köln"
"STO";"074";"STO.074 -  Dieselstraße 28 (22-28) %";64;"WEZ Dieselstraße 28 (22-28), 68623 Lampertheim"
"STO";"075";"STO.075 - Europaring 6";65;"WEZ Europaring 6, 68623 Lampertheim"
"STO";"076";"STO.076 -  Finkenstraße 13";66;"Finkenstraße 13, 68623 Lampertheim"
"STO";"077";"STO.077 -  Annastrasse 74 (72-78)";67;"WEZ Annastrasse 74 (72-78), 63225 Langen"
"STO";"078";"STO.078 -  Annastrasse 83 (81, 81a, 83, 83a, 85)";68;"WEZ Annastrasse 83 (81, 81a, 83, 83a, 85), 63225 Langen"
"STO";"079";"STO.079 -  Südliche Ringstraße 225 (223-225) %";69;"WEZ Südliche Ringstraße 225 (223-225), 63225 Langen"
"STO";"080";"STO.080 -  Gerhart-Hauptmann-Straße 4  (2-6)";70;"WEZ Gerhart-Hauptmann-Straße 4 (2-6), 63477 Maintal"
"STO";"081";"STO.081 -  Schillerstraße 6";71;"WEZ Schillerstraße 6, 63477 Maintal-Bischofsheim"
"STO";"083";"STO.083 - Friedrich-Ebert-Straße 4 (4-6)";72;"WEZ Friedrich-Ebert-Straße 4 (4-6), 35039 Marburg"
"STO";"084";"STO.084 - Rimbergstraße 13 (11-15) o";73;"WEZ Rimbergstraße 13 (11-15), 35043 Marburg"
"STO";"085";"STO.085 -  Am Junkerstrauch 15 (13-15) o";74;"WEZ Am Junkerstrauch 15 (13-15), 40667 Meerbusch"
"STO";"086";"STO.086 -  Am Kirchendriesch 13 (11-15)";75;"WEZ Am Kirchendriesch 13 (11-15), 40667 Meerbusch"
"STO";"087";"STO.087 -  Badener Weg 26 o";76;"WEZ Badener Weg 26, 40667 Meerbusch"
"STO";"088";"STO.088 -  Badener Weg 5 o";77;"WEZ Badener Weg 5 , 40667 Meerbusch"
"STO";"091";"STO.091 -  Hoxhof 14 (1-14) o";78;"WEZ Hoxhof 14 (1-14), 40667 Meerbusch"
"STO";"092";"STO.092 -  Im Niederstift 5 (5-9) o";79;"WEZ Im Niederstift 5 (5-9), 40667 Meerbusch"
"STO";"093";"STO.093 -  Unter`m Kurhut 16 (15+16)";80;"WEZ Unter`m Kurhut 16 (15+16), 40667 Meerbusch"
"STO";"094";"STO.094 - Eichendorffweg 3 (1-5) o";81;"WEZ Eichendorffweg 3 (1-5), 61267 Neu-Anspach"
"STO";"095";"STO.095 -  Theodor-Heuss-Straße 7 (5-9)";82;"WEZ Theodor-Heuss-Straße 7 (5-9), 61267 Neu-Anspach"
"STO";"096";"STO.096 - Daimlerstr. 20";83;"WEZ Daimlerstr. 20, 41462 Neuss"
"STO";"097";"STO.097 - Daimlerstr. 22";84;"WEZ Daimlerstr. 22, 41462 Neuss"
"STO";"098";"STO.098 -  Daimlerstr. 24";85;"WEZ Daimlerstr. 24, 41462 Neuss"
"STO";"099";"STO.099 -  Daimlerstr. 26";86;"WEZ Daimlerstr. 26, 41462 Neuss"
"STO";"100";"STO.100 - Markwaldstr. 17 (15-19)";87;"WEZ Markwaldstr. 17 (15-19), 63073 Offenbach - Bieber"
"STO";"101";"STO.101 -  Rumpenheimer Straße 92 (92+94)";88;"WEZ Rumpenheimer Straße 92 (92+94), 63075 Offenbach/M-Bürgel"
"STO";"102";"STO.102 -  Am Römerbrunnen 4 (2-4) %";89;"WEZ Am Römerbrunnen 4 (2-4), 65479 Raunheim"
"STO";"103";"STO.103 - An der Schindhohl 2 (2-6)";90;"WEZ An der Schindhohl 2 (2-6), 65843 Sulzbach"
"STO";"104";"STO.104 - Neugartenstraße 28-28c";91;"WEZ Neugartenstraße 28-28c, 65843 Sulzbach"
"STO";"105";"STO.105 - Badener Weg 18";92;"Badener Weg 14-18a, 40667 Meerbusch"
"STO";"106";"STO.106 -  Oberste Gärten 12";93;"Oberste Gärten 12 (2-12), 61350 Bad Homburg"
"STO";"107";"STO.107 - Bodestraße 13";94;"Bodestraße 9-17, 61231 Bad Nauheim"
"STO";"108";"STO.108 -  Neckarstr. 1";95;"Neckarstr. 1, 63128 Dietzenbach"
"STO";"110";"STO.110 -  Bodelschwinghstraße 13 %";96;"Bodelschwinghstraße 13, 61118 Bad Vilbel"
"STO";"111";"STO.111 - Breslauer Straße 15";97;"Breslauer Straße 15+17, 61118 Bad Vilbel"
"STO";"112";"STO.112 -  Mierendorffstraße 23";98;"Mierendorffstraße 23 (17-25), 60320 Frankfurt am Main"
"STO";"113";"STO.113 -  Otto-Fricke-Straße 42";99;"Otto-Fricke-Straße 42,  61118 Bad Vilbel"
"STO";"114";"STO.114 -  Paul-Gerhardt-Straße 1-5";100;"Paul-Gerhardt-Straße 1-5, 61118 Bad Vilbel"
"STO";"115";"STO.115 -  Platz des Friedens 4";101;"Platz des Friedens 4 (2-6), 34225 Baunatal"
"STO";"116";"STO.116 -  Rudolf-Diesel-Straße 21 (wieder ausbauen?)";102;"Rudolf-Diesel-Straße 21 (17-21), 34225 Baunatal"
"STO";"117";"STO.117 -  Theodor-Heuss-Allee 11";103;"Theodor-Heuss-Allee 11 (11+13+15, Schubertstraße 2), 34225 Baunatal"
"STO";"118";"STO.118 -  Stauffenbergstraße 78";104;"Stauffenbergstraße 78, 64283 Darmstadt"
"STO";"119";"STO.119 -  Heinrichstraße 3";105;"Heinrichstraße 3, 64283 Darmstadt"
"STO";"120";"STO.120 -  Landskronstrasse 95a";106;"Landskronstrasse 95a, 64285 Darmstadt"
"STO";"121";"STO.121 -  Riedlinger Straße 29 %";107;"Riedlinger Straße 29, 64283 Darmstadt"
"STO";"124";"STO.124 -  Stauffenbergstr. 89";108;"Stauffenbergstr. 89, 64285 Darmstadt"
"STO";"125";"STO.125 -  Neckarstr. 3";109;"Neckarstr. 3, 63128 Dietzenbach"
"STO";"127";"STO.127 -  Rheinstr. 2";110;"Rheinstr. 2, 63128 Dietzenbach"
"STO";"128";"STO.128 -  Eschersheimer Landstraße 284";111;"Eschersheimer Landstraße, 60320 Frankfurt am Main"
"STO";"131";"STO.131 -  Dr.-Dietz-Straße 18";112;"Dr.-Dietz-Straße 18 (16+18), 36043 Fulda"
"STO";"132";"STO.132 - Pacelliallee 15";113;"Pacelliallee 15 (15-19), 36043 Fulda"
"STO";"133";"STO.133 - Pacelliallee 33";114;"WEZ Pacelliallee 33 (33+35), 36043 Fulda"
"STO";"134";"STO.134 -  Schillerstraße 72";115;"Schillerstraße 72 (72+74+76), 36043 Fulda"
"STO";"135";"STO.135 -  Walahfridstraße 2";116;"Walahfridstraße 2 (2+4), 36043 Fulda"
"STO";"136";"STO.136 -  Im Mittelfeld 14";117;"Im Mittelfeld 10-16, 65462 Gustavsburg"
"STO";"139";"STO.139 -  Adalbert-Stifter-Straße 28";118;"Adalbert-Stifter-Straße 28+30, 36043 Fulda"
"STO";"141";"STO.141 -  Breitscheidstr. 104";119;"Breitscheidstr. 100-104, 34119 Kassel"
"STO";"142";"STO.142 -  Eckermannstraße 27 (27-29)";120;"Eckermannstraße 27 (27-29), 34125 Kassel"
"STO";"150";"STO.150 -  Emmericher Straße 9";121;"Emmericher Straße 9 (5-9, Duisburger Straße 4-8)"
"STO";"151";"STO.151 -  Reeser Straße 7";122;"Reeser Str.7 (Emmericher Straße 6-10, Reeser Straße 7-9)"
"STO";"152";"STO.152 -  Berliner Straße 38 (32+34+36+38)";123;"Berliner Straße 38 (32+34+36+38), 34497 Korbach"
"STO";"153";"STO.153 -  Schlesische Straße 45 (39+41+43+45)";124;"Schlesische Straße 45 (39+41+43+45), 34497 Korbach"
"STO";"154";"STO.154 -  Am Hang 3";125;"Am Hang 3, 34253 Lohfelden"
"STO";"155";"STO.155 - Am Hang 6";126;"Am Hang 6, 34253 Lohfelden"
"STO";"157";"STO.157 -  Maulbeerweg 24";127;"Maulbeerweg 24, Gaszaehler in 22, 63477 Maintal"
"STO";"158";"STO.158 - An der Schanze 13";128;"An der Schanze 13, 35039 Marburg"
"STO";"159";"STO.159 -  An der Schanze 6";129;"An der Schanze 6, 35039 Marburg"
"STO";"160";"STO.160 -  Cappeler Gleiche 14";130;"Cappeler Gleiche 14, Feldbergstraße 6, 35043 Marburg"
"STO";"161";"STO.161 -  Friedrichstr. 33+35+37+39";131;"Friedrichstr. 33+35+37+39, 35037 Marburg"
"STO";"162";"STO.162 -  Ockershäuser Allee 4";132;"Ockershäuser Allee 2-6, 35037 Marburg"
"STO";"163";"STO.163 -  Rollwiesenweg 31";133;"Rollwiesenweg 31, 35037 Marburg (10.30.130.181)"
"STO";"164";"STO.164 -  Moischter Straße 59";134;"Moischter Straße 59, 35043 Marburg-Cappel"
"STO";"165";"STO.165 -  Am Kapittelsbusch 11";135;"Am Kapittelsbusch 11+12+13, Neusser Str. 27+29, 40667 Meerbusch"
"STO";"166";"STO.166 - Frankenweg 1";136;"Frankenweg 1 (1-3), 40667 Meerbusch"
"STO";"167";"STO.167 -  Im  Böhlerhof 4";137;"Im  Böhlerhof 4, 40667 Meerbusch"
"STO";"168";"STO.168 -  Markstr. 13";138;"Markstr. 13 -15, 64409 Messel"
"STO";"173";"STO.173 -  Ernststraße 72";139;"Ernststraße 70-74, 53721 Siegburg"
"STO";"174";"STO.174 - Frankfurter Straße 153";140;"Frankfurter Straße 149-159, 53721 Siegburg"
"STO";"176";"STO.176 -  Dresdener Straße 22";141;"Dresdener Straße 22 (20+22+24), 35260 Stadtallendorf"
"STO";"177";"STO.177 - Langewiesenstraße 20";142;"Langewiesenstraße 20, 35260 Stadtallendorf"
"STO";"180";"STO.180 -  Büchnerstr. 12";143;"Büchnerstr. 10+12, 65187 Wiesbaden"
"STO";"181";"STO.181 -  Büchnerstr. 9";144;"Büchnerstr. 9+11, 65187 Wiesbaden"
"STO";"183";"STO.183 - Käthe-Kollwitz-Straße 15";145;"Käthe-Kollwitz-Straße 15 (11-17), 65191 Wiesbaden"
"STO";"186";"STO.186 -  Buschungsstraße 41 (Hauptsicherung aus)";146;"Buschungsstraße 41 (41+43), 65205 Wiesbaden-Erbenheim"
"STO";"188";"STO.188 -  Mierendorffstraße 9";147;"Mierendorffstraße 9, 60320 Frankfurt am Main"
"STO";"189";"STO.189 -  Marbachweg 250";148;"WEZ Marbachweg 250, 60320 Frankfurt am Main"
"STO";"190";"STO.190 -  Marbachweg 258";149;"WEZ Marbachweg 258, 60320 Frankfurt am Main"
"STO";"191";"STO.191 -  Marbachweg 266";150;"WEZ Marbachweg 266, 60320 Frankfurt am Main"
"STO";"192";"STO.192 -  Marbachweg 282";151;"WEZ Marbachweg 282, 60320 Frankfurt am Main"
"STO";"193";"STO.193 -  Birkholzweg 40";152;"WEZ  Birkholzweg 40, 60433 Frankfurt am Main"
"STO";"194";"STO.194 -  Birkholzweg 44";153;"WEZ Birkholzweg 44, 60433 Frankfurt am Main"
"STO";"195";"STO.195 -  Im Mellsig 15";154;"WEz Im Mellsig 15, 60433 Frankfurt am Main"
"STO";"196";"STO.196 -  Burgstr. 88";155;"WEZ Burgstr. 88, 60389 Frankfurt am Main"
"STO";"197";"STO.197 -  Alexanderstr. 126";156;"WEZ Alexanderstr. 126, 60439 Frankfurt am Main"
"STO";"198";"STO.198 -  Christian-Reul-Straße 31-39";157;"Christian-Reul-Straße 31-39, 34121 Kassel"
"STO";"199";"STO.199 -  Neißeweg 12";158;"Neißeweg 6-20, 34131 Kassel"
"STO";"200";"STO.200 -  Hans-Böckler-Straße 28";159;"Hans-Böckler-Straße 28 , 34121 Kassel"
"STO";"201";"STO.201 -  Ortelsburger Straße 3 (1-7)";160;"Ortelsburger Straße 3 (1-7), 34121 Kassel"
"STO";"202";"STO.202 -  Sternbergstraße 53 (51-53a)";161;"Sternbergstraße 53 (51-53a), 34121 Kassel"
"STO";"203";"STO.203 -  Damaschkeweg 15a";162;"Damaschkeweg 13a + 15a, 35039 Marburg"
"STO";"204";"STO.204 - Hugo-Sinzheimer-Str. 15";163;"Hugo-Sinzheimer-Str. 15, 60327 Frankfurt am Main"
"STO";"205";"STO.205 -  Larsstr. 130";164;"Larsstr. 130 , 53844 Troisdorf"
"STO";"206";"STO.206 -  Bodelschwinghstraße 27";165;"Bodelschwinghstraße 27 (25-29), 61118 Bad Vilbel"
"STO";"207";"STO.207 -  Friedrich-Stengel-Straße 9";166;"Friedrich-Stengel-Straße 3-9, Karl-Philipp-Arnd-Straße 1+3, 36043 Fulda"
"STO";"208";"STO.208 -  Ottfried-von-Weissenburg-Straße 28";167;"Ottfried-von-Weissenburg-Straße 28, 36043 Fulda"
"STO";"209";"STO.209 -  Graudenzer Weg 12 (2-14)";168;"Graudenzer Weg 12 (2-14), 30659 Hannover"
"STO";"170";"STO.170 -  Mühlbergstr. 61";169;"Mühlbergstr. 61, 64319 Pfungstadt"
"STO";"122";"STO.122 -  Smetanaweg 15";170;"Smetanaweg 15, 64291 Darmstadt"
"STO";"006";"STO.006 -  Roseggerstr. 1";171;"WEZ Roseggerstraße  1 (1-5), 40470 Düsseldorf"
"STO";"SOG";"STO.SOG - Anlagen ohne GZ";172;"fertige Systeno-Anlagen ohne funktionierendem Gaszähler"
"STO.SOG";"058";"STO.058 -  Liegnitzer Straße 3 (Teplitz-Schönauer-Straße 6 -10, 10a Liegnitzer Straße 3, 5) %";1;"WEZ Liegnitzer Straße 3 (Teplitz-Schönauer-Straße 6 -10, 10a Liegnitzer Straße 3, 5), 60598 Frankfurt am Main"
"STO.SOG";"070";"STO.070 -  Breitscheidstraße 98 (82+90+98, Riedeselstraße 5) % (Gaszähler zu alt)";2;"WEZ Breitscheidstraße 98 (82+90+98, Riedeselstraße 5), 34119 Kassel"
"STO.SOG";"073";"STO.073 -  Severinstraße 15 (11-15) %";3;"WEZ Severinstraße 15 (11-15), 51145 Köln"
"STO.SOG";"082";"STO.082 -  Am Rain 1";4;"WEZ Am Rain 1, 35039 Marburg"
"STO.SOG";"089";"STO.089 -  Badener Weg 7 (Gaszähler zu alt für Aufschaltung) %";5;"WEZ Badener Weg 7, 40667 Meerbusch"
"STO.SOG";"090";"STO.090 -  Frankenweg 11 (5-15) % (Gaszähler ist ausser Betrieb)";6;"WEZ Frankenweg 11 (5-15), 40667 Meerbusch"
"STO.SOG";"123";"STO.123 -  Wechslerstraße 2 %";7;"Wechslerstraße 2, 64291 Darmstadt"
"STO.SOG";"129";"STO.129 -  Im Mühlfeld 11a";8;"Im Mühlfeld 11a, 61169 Friedberg"
"STO.SOG";"130";"STO.130 - Am Kleegarten 25 (Gaszähler zu alt zum Aufschalten oder Reedkontakt fehlt nur einfach)";9;"Am Kleegarten 25 (21-33), 36043 Fulda"
"STO.SOG";"137";"STO.137 -  Bahnhofstraße 7b";10;"Bahnhofstraße 7a-c, 35708 Haiger"
"STO.SOG";"138";"STO.138 -  Rühlstraße 5 und 6 %";11;"Rühlstraße 5 und 6, 63450 Hanau"
"STO.SOG";"140";"STO.140 -  Baunsbergstraße 1 %";12;"Baunsbergstraße 1+3+5, 34131 Kassel"
"STO.SOG";"143";"STO.143 -  Fontanestraße 1 %";13;"Fontanestraße 1, 34125 Kassel"
"STO.SOG";"145";"STO.145 -  Sternbergstraße 23 %";14;"Sternbergstraße 21+23+25, 34121 Kassel"
"STO.SOG";"146";"STO.146 -  Sternbergstraße 47 %";15;"Sternbergstraße 45+47+49+49a, 34121 Kassel"
"STO.SOG";"149";"STO.149 -  Wilhelmshöher Allee 266 %";16;"Wilhelmshöher Allee 264 + 266, 34131 Kassel"
"STO.SOG";"156";"STO.156 -  Friedrich-Ebert-Ring 35 %";17;"Friedrich-Ebert-Ring 35 (33+35+37+39+41), 34253 Lohfelden"
"STO.SOG";"172";"STO.172 -  Aulgasse 34-38";18;"Aulgasse 34-38, 53721 Siegburg"
"STO.SOG";"178";"STO.178 -  Kerpstraße 1-5 %";19;"Kerpstraße 1-5, Larstraße 120-124, 53844 Troisdorf"
"STO.SOG";"179";"STO.179 -  Harleshäuser Straße 32 %";20;"Harleshäuser Straße 32, 34246 Vellmar"
"STO.SOG";"182";"STO.182 -  Hessenring 23a, Lessingweg 67 %";21;"Hessenring 23a, Lessingstraße 67, 65205 Wiesbaden"
"STO.SOG";"048";"STO.048 -  Bolongarostr. 73 (Russingerstraße 1-17, Bolongarostraße 71-75)";22;"WEZ Bolongarostr. 73 (Russingerstraße 1-17, Bolongarostraße 71-75), 65934 Frankfurt am Main"
"STO.SOG";"030";"STO.030 -  Homburger Landstrasse 690 - 694, Hugo-Sinzheimer-Straße 76";23;"WEZ Homburger Landstrasse 690 - 694, Hugo-Sinzheimer-Straße 76, 60437 Frankfurt am Main"
"STO.SOG";"144";"STO.144 -  Oetkerstr. 2-4 %";24;"Oetkerstr. 2-4, Hansteinstraße 24, 34121 Kassel"
"STO";"00000";"KUGU";173;"Beispiele"
"STO";"109";"STO.109 - Alte Frankfurter Allee 32";174;""
"";"SyV";"Systeno vorbereitet";12;"noch nicht gebaute Anlagen"
"SyV";"002";"STO.002 -  Dürerstraße 12 (2-18)";1;"WEZ Dürerstraße 12 (2-18), 34225 Baunatal"
"SyV";"040";"STO.040 -  Kurmainzer Straße 161";2;"WEZ Kurmainzer Straße 161, 65936 Frankfurt am Main"
"SyV";"049";"STO.049 -  Schloßborner Straße 71";3;"WEZ Schloßborner Straße 71, 60326 Frankfurt am Main"
"SyV";"056";"STO.056 -  Sigmund-Freud-Straße 82";4;"WEZ Sigmund-Freud-Straße 82, 60435 Frankfurt am Main"
"";"STO2";"Systeno 2";13;"Systeno Anlagen < 200 kW"
"STO2";"300";"STO.300 - Urseler Straße 6a (6a-6b)";1;"Urseler StraBe 6a (6a-6b), 61348, Bad Homburg"
"STO2";"302";"STO.302 - Breslauer Straße 13";2;"Breslauer Straße 13,61118 Bad Vilbel"
"STO2";"303";"STO.303 - Bodelschwinghstraße 1-5";3;"Bodelschwinghstraße 1-5,61118 Bad Vilbel"
"STO2";"304";"STO.304 - Breslauer Straße 11";4;"Breslauer Straße 11,61118 Bad Vilbel"
"STO2";"306";"STO.306 - Breslauer Straße 9";5;"Breslauer Straße 9 (7-9),61118 Bad Vilbel"
"STO2";"307";"STO.307 - Alte Frankfurter Straße 36";6;"Alte Frankfurter Straße 36,61118 Bad Vilbel"
"STO2";"310";"STO.310 - PauI-Gerhardt-Straße 7 %";7;"PauI-Gerhardt-Straße 7-11, 61118 Bad Vilbel"
"STO2";"322";"STO.322 - Marbachweg 288";8;"Marbachweg 288 (286-290), Frankfurt am Main 60320"
"STO2";"345";"STO.345 - Sigmund-Freud-Straße 51 +";9;"Sigmund-Freud-Straße 51 (49-53), 60435 Frankfurt am Main"
"STO2";"352";"STO.352 - Offenbacher Landstraße 275-279 +";10;"Offenbacher LandstraBe 275-279, Frankfurt am Main 60599"
"STO2";"403";"STO.403 - Breitscheidstraße (92-96)";11;"Breitscheidstraße (92-96), Kassel 34119"
"STO2";"408";"STO.408 - Hans-Bockler-Straße 22";12;"Hans-Bockler-StraBe 22 (22-26) (Gewerbe), Kassel 34121"
"STO2";"423";"STO.423 - Strindbergstraße 14, Sternbergstr. 17+19";13;"Strindbergstraße 14, Sternbergstr. 17+19, Kassel 34121"
"STO2";"453";"STO.453 - Im Wiesengrund 2";14;"Im Wiesengrund 2 (2+4), Kassel 34134"
"STO2";"454";"STO.454 - Im Wiesengrund 6 %";15;"Im Wiesengrund 6 (6+8), Kassel 34134"
"STO2";"455";"STO.455 - Im Wiesengrund 12";16;"Im Wiesengrund 12 (10+12), Kassel 34134"
"STO2";"461";"STO.461 - Louis-Peter-Straße 34";17;"Louis-Peter-Straße 34 (34+36), Korbach 34497"
"STO2";"462";"STO.462 - Pommernstraße 48";18;"Pommernstraße 48 (48+50), Korbach 34497"
"STO2";"466";"STO.466 - Berliner Straße 28";19;"Berliner StraRe 28 (24+26+28+30), Korbach 34497"
"STO2";"468";"STO.468 - Berliner Straße 22";20;"Berliner StraRe 22 (16-22), Korbach 34497"
"STO2";"475";"STO.475 - Am Hang 8";21;"Am Hang 8, Lohfelden 34253"
"STO2";"476";"STO.476 - Am Glaskopf 16 C";22;"Am Glaskopf 16 C (16B + 16C), Marburg 35039"
"STO2";"477";"STO.477 - Am Glaskopf 16 A";23;"Am Glaskopf 16 A, Marburg 35039"
"STO2";"478";"STO.478 - Am Glaskopf 18+20";24;"Am Glaskopf 18+20, Marburg 35039"
"STO2";"481";"STO.481 - An der Schanze 7+9";25;"An der Schanze 7+9, Marburg 35039"
"STO2";"482";"STO.482 - An der Schanze 10+12";26;"An der Schanze 10+12, Marburg 35039"
"STO2";"486";"STO.486 - Am Richtsberg 12 a/b";27;"Am Richtsberg 12 a/b, Marburg 35039"
"STO2";"500";"STO.500 - Unter'm Kurhut 18";28;"Unter'm Kurhut 18 (17+18+19), Meerbusch 40667"
"STO2";"501";"STO.501 - Frankenweg 9";29;"Frankenweg 5-15 (Standort Haus 9), Meerbusch 40667"
"STO2";"502";"STO.502 - Pfalzer Str. 3";30;"Pfalzer Str. 3 (1-5), Meerbusch 40667"
"STO2";"503";"STO.503 - Laacher Weg 61";31;"Laacher Weg 61 (59-63), Meerbusch 40667"
"STO2";"504";"STO.504 - Dresdener Straße 32";32;"Dresdener Straße 32,  35260 Stadtallendorf"
"STO2";"505";"STO.505 - Dresdener Straße 26";33;"Dresdener Straße 26, 35260 Stadtallendorf"
"STO2";"506";"STO.506 - Dresdener Straße 30";34;"Dresdener Straße 30, 35260 Stadtallendorf"
"STO2";"507";"STO.507 - Eichenhain 34+36";35;"Eichenhain 34+36, 35260 Stadtallendorf"
"STO2";"508";"STO.508 - Eichenhain 30+32";36;"Eichenhain 30+32, 35260 Stadtallendorf"
"STO2";"509";"STO.509 - Dresdener Straße 28";37;"Dresdener Straße 28, 35260 Stadtallendorf"
"STO2";"510";"STO.510 - Eichenhain 21+23";38;"Eichenhain 21+23, 35260 Stadtallendorf"
"STO2";"511";"STO.511 - Chemnitzer Straße 6+8";39;"Chemnitzer Straße 6+8, 35260 Stadtallendorf"
"STO2";"514";"STO.514 - Weilburger Straße 6";40;"Weilburger Straße 6 (6-8), 35260 Stadtallendorf"
"STO2";"515";"STO.515 - Gießener Straße 15+17+19";41;"Gießener Straße 15+17+19, 35260 Stadtallendorf"
"STO2";"516";"STO.516 - Dresdner Straße 2-6";42;"Dresdner Straße 2-6, 35260 Stadtallendorf"
"STO2";"518";"STO.518 - Langewiesenstraße 2 +";43;"Langewiesenstraße 2 (2-2a),35260 Stadtallendorf"
"STO2";"522";"STO.522 - Langewiesenstraße 4a";44;"Langewiesenstraße 4a (4-4a), 35260 Stadtallendorf"
"STO2";"524";"STO.524 - Langewiesenstraße 8 +";45;"Langewiesenstraße 8 (6-8), 35260 Stadtallendorf"
"STO2";"305";"STO.305 - Breslauer Straße 3";46;"Breslauer Straße 3 (3-5),61118 Bad Vilbel"
"STO2";"308";"STO.308 - Otto-Fricke-Straße 34-40 +";47;"Otto-Fricke-Straße 34-40 ,61118 Bad Vilbel"
"STO2";"309";"STO.309 - Otto-Fricke-Straße 113 %";48;"Otto-Fricke-Straße 113 (109-113),61118 Bad Vilbel"
"STO2";"311";"STO.311 - Breslauer Straße 1 +";49;"Breslauer StraBe 1,61118 Bad Vilbel"
"STO2";"312";"STO.312 - Bodelschwinghstraße 7-11 %";50;"Bodelschwinghstraße 7-11, 61118 Bad Vilbel"
"STO2";"314";"STO.314 - Alte Frankfurter Straße 40 %";51;"Alte Frankfurter Straße 40 (38-42),  61118 Bad Vilbel"
"STO2";"315";"STO.315 - Alte Frankfurter Straße 46 %";52;"Alte Frankfurter Straße 46 (44-50), 61118 Bad Vilbel"
"STO2";"329";"STO.329 - Schloßborner Straße 83 %";53;"Schloßborner Straße 83 (81+83),60326 Frankfurt am Main"
"STO2";"331";"STO.331 - Schloßborner Straße 69 %";54;"Schloßborner Straße 69,60326 Frankfurt am Main"
"STO2";"356";"STO.356 - Geisaer Straße 3 %";55;"Geisaer Straße 3, 36039 Fulda"
"STO2";"357";"STO.357 - Geisaer Straße 1 %";56;"Geisaer Straße 1, 36039 Fulda"
"STO2";"362";"STO.362 - Walahfridstraße 42 +";57;"Walahfridstraße 42, 36043 Fulda"
"STO2";"363";"STO.363 - Walahfridstraße 6 %";58;"Walahfridstraße 6 (6+8), 36043 Fulda"
"STO2";"371";"STO.371 - Walahfridstraße 67 %";59;"Walahfridstraße 67 (67+69), 36043 Fulda"
"STO2";"372";"STO.372 - Walahfridstraße 40 +";60;"Walahfridstraße 40 (38+40), 36043 Fulda"
"STO2";"373";"STO.373 - Walahfridstraße 22 %";61;"WalahfridstraBe 22 (20+22+24), 36043 Fulda"
"STO2";"375";"STO.375 - Walahfridstraße 26 +";62;"Walahfridstraße 26 (26+28+30), 36043 Fulda"
"STO2";"376";"STO.376 - Walahfridstraße 32 +";63;"WalahfridstraBe 32 (32-36), 36043 Fulda"
"STO2";"398";"STO.398 - Rühlstraße 3 %";64;"Rühlstraße 3 (3-4), 63450 Hanau"
"STO2";"402";"STO.402 - Breitscheidstraße (76-80) %";65;"Breitscheidstraße (76-80), 34119 Kassel"
"STO2";"404";"STO.404 - Breitscheidstraße (84-88) %";66;"Breitscheidstraße (84-88), 34119 Kassel"
"STO2";"405";"STO.405 - Riedeselstraße 1 (1+3), Breitscheidstraße 74 %";67;"Riedeselstraße 1 (1+3), Breitscheidstraße 74, 34119 Kassel"
"STO2";"406";"STO.406 - Hans-Bockler-Straße 4 %";68;"Hans-Bockler-Straße 4, 34121 Kassel"
"STO2";"407";"STO.407 - Hans-Bockler-Straße 2 %";69;"Hans-Bockler-Straße 2, 34121 Kassel"
"STO2";"409";"STO.409 - Heinrich-Heine-Straße 33 %";70;"Heinrich-Heine-Straße 33, 34121 Kassel"
"STO2";"410";"STO.410 - Heinrich-Heine-Straße 27 %";71;"Heinrich-Heine-Straße 27, 34121 Kassel"
"STO2";"411";"STO.411 - Heinrich-Heine-Straße 29 %";72;"Heinrich-Heine-Straße 29, 34121 Kassel"
"STO2";"412";"STO.412 - Heinrich-Heine-Straße 31 %";73;"Heinrich-Heine-Straße 31, 34121 Kassel"
"STO2";"413";"STO.413 - Hans-Bockler-Straße 6 %";74;"Hans-Bockler-Straße 6 (6-8), , 34121 Kassel"
"STO2";"414";"STO.414 - Hans-Bockler-Straße 18 %";75;"Hans-Bdckler-Straße 18 (18-20),  34121 Kassel"
"STO2";"415";"STO.415 - Hans-Bockler-Straße 14 %";76;"Hans-Bockler-Straße 14 (14-16), 34121 Kassel"
"STO2";"416";"STO.416 - Hans-Bockler-Straße 10 %";77;"Hans-Bockler-Straße 10 (10-12), 34121 Kassel"
"STO2";"417";"STO.417 - Hans-Bockler-Straße 24 %";78;"Hans-Bockler-Straße 24 (22-26), 34121 Kassel"
"STO2";"419";"STO.419 - Richard-Wagner-Straße 23 %";79;"Richard-Wagner-Straße 23(21-25), 34121 Kassel"
"STO2";"420";"STO.420 - Richard-Wagner-Straße 27 %";80;"Richard-Wagner-Straße 27, 34121 Kassel"
"STO2";"421";"STO.421 - Grassweg 2,4, Sternbergstraße 15, Strindbergstraße 12 %";81;"Grassweg 2,4, Sternbergstraße 15, Strindbergstraße 12,  34121 Kassel"
"STO2";"424";"STO.424 - Ortelsburger Straße 3";82;"Ortelsburger Straße 3 (1-7),  34121 Kassel"
"STO2";"458";"STO.458 - Louis-Peter-Straße 45 %";83;"Louis-Peter-Straße 45 (43+45+47), 34497 Korbach"
"STO2";"463";"STO.463 - Pommernstraße 44 %";84;"Pommernstraße 44 (44+46), 34497 Korbach"
"STO2";"467";"STO.467 - Berliner Straße 46 +";85;"Berliner Straße 46 (40+42+44+46), 34497 Korbach"
"STO2";"470";"STO.470 - Südliche Ringstraße 219-221 %";86;"Südliche Ringstraße 219-221, 63225 Langen"
"STO2";"471";"STO.471 - Südliche Ringstraße 227-229 %";87;"Südliche Ringstraße 227-229, 63225 Langen"
"STO2";"472";"STO.472 - Friedrich-Ebert-Ring 29 %";88;"Friedrich-Ebert-Ring 29, 34253 Lohfelden"
"STO2";"473";"STO.473 - Friedrich-Ebert-Ring 31 %";89;"Friedrich-Ebert-Ring 31, 34253 Lohfelden"
"STO2";"474";"STO.474 - Am Hang 5 %";90;"Am Hang 5, 34253 Lohfelden"
"STO2";"479";"STO.479 - Am Glaskopf 14-16 %";91;"Am Glaskopf 14-16, 35039 Marburg"
"STO2";"487";"STO.487 - An der Schanze 1-5 +";92;"An der Schanze 1-5 , 35039 Marburg"
"STO2";"488";"STO.488 - Am Glaskopf 8-12 %";93;"Am Glaskopf 8-12, 35039 Marburg"
"STO2";"497";"STO.497 - Am Kirchendriesch 7 %";94;"Am Kirchendriesch 7, 40667 Meerbusch"
"STO2";"498";"STO.498 - Am Kirchendriesch 9 %";95;"Am Kirchendriesch 9, 40667 Meerbusch"
"STO2";"499";"STO.499 - Laacher Weg 70 %";96;"Laacher Weg 70 (68-72), 40667 Meerbusch"
"STO2";"512";"STO.512 - Chemnitzer Straße 2+4 +";97;"Chemnitzer Straße 2+4, 35260 Stadtallendorf"
"STO2";"519";"STO.519 - Dresdener Straße 14+16+18 %";98;"Dresdener Straße 14+16+18, 35260 Stadtallendorf"
"STO2";"520";"STO.520 - Dresdner Straße 8-12 +";99;"Dresdner Straße 8-12 , 35260 Stadtallendorf"
"STO2";"521";"STO.521 - Limburger Straße 4 +";100;"Limburger Straße 4 (2-6), 35260 Stadtallendorf"
"STO2";"523";"STO.523 - Limburger Straße 10 %";101;"Limburger Straße 10 (8-12), 35260 Stadtallendorf"
"STO2";"318";"STO.318 - Kranichsteiner Straße 31a +";102;"Kranichsteiner Straße 31a (31+31a), 64390 Erzhausen"
"STO2";"317";"STO.317 - Stauffenbergstraße 83-85 °";103;"Stauffenbergstraße 83-85, 64285 Darmstadt"
"STO2";"319";"STO.319 - Kranichsteiner Straße 27 °";104;"Kranichsteiner Straße 27 (27+27a), 64390 Erzhausen"
"STO2";"320";"STO.320 - Kranichsteiner Straße 29a °";105;"Kranichsteiner Straße 29a (29+29a), 64390 Erzhausen"
"STO2";"321";"STO.321 - Kapellenstraße 23a+b +";106;"Kapellenstraße 23a+b, 65439 Flörsheim"
"STO2";"333";"STO.333 - Hügelstraße 208 °";107;"Hügelstraße 208 (206-210), 60431 Frankfurt am Main"
"STO2";"334";"STO.334 - Birkholzweg 45";108;"Birkholzweg 45 (43, 45), 60433 Frankfurt am Main"
"STO2";"335";"STO.335 - Im Mellsig 3 °";109;"Im Mellsig 3 (1-5), 60433 Frankfurt am Main"
"STO2";"336";"STO.336 - Im Mellsig 41-45 °";110;"Im Mellsig 41-45, 60433 Frankfurt am Main"
"STO2";"338";"STO.338 - Im Mellsig 21 °";111;"Im Mellsig 21 (19-23), 60433 Frankfurt am Main"
"STO2";"339";"STO.339 - Im Mellsig 9 °";112;"Im Mellsig 9 (7-11), 60433 Frankfurt am Main"
"STO2";"340";"STO.340 - Im Mellsig 27 °";113;"Im Mellsig 27 (25-29), 60433 Frankfurt am Main"
"STO2";"342";"STO.342 - Birkholzweg 27 °";114;"Birkholzweg 27 (25-29 und Am Grünen Graben 27), 60433 Frankfurt am Main"
"STO2";"344";"STO.344 - Sigmund-Freud-Straße 77 °";115;"Sigmund-Freud-Straße 77 (75+77), 60435 Frankfurt am Main"
"STO2";"346";"STO.346 - Sigmund-Freud-Straße 81 °";116;"Sigmund-Freud-Straße 81 (79-85), 60435 Frankfurt am Main"
"STO2";"348";"STO.348 - Westring 37 °";117;"Westring  37 (33-39), 60488 Frankfurt am Main"
"STO2";"349";"STO.349 - Westring 11 +";118;"Westring 11 (11-15), 60488 Frankfurt am Main"
"STO2";"350";"STO.350 - Westring 27 °";119;"Westring 27 (25-31), 60488 Frankfurt am Main"
"STO2";"354";"STO.354 - Schützenstraße 2-6 °";120;"Schützenstraße 2-6, 61381 Friedrichsdorf"
"STO2";"355";"STO.355 - Lilienweg 4-6 +";121;"Lilienweg 4-6, 61381 Friedrichsdorf"
"STO2";"359";"STO.359 - Dr.-Dietz-Straße 20 °";122;"Dr.-Dietz-Straße 20 (20+20a), 36043 Fulda"
"STO2";"360";"STO.360 - Schillerstraße 40 °";123;"Schillerstraße 40, 36043 Fulda"
"STO2";"377";"STO.377 - Kleiststraße 6 +";124;"Kleiststraße 6 (6+8), 65462 Gustavsburg"
"STO2";"378";"STO.378 - Kleiststraße 2 °";125;"Kleiststraße 2 (2+4), 65462 Gustavsburg"
"STO2";"379";"STO.379 - Kleiststraße 10 °";126;"Kleiststraße 10 (10+12), 65462 Gustavsburg"
"STO2";"380";"STO.380 - Im Mittelfeld 9 +";127;"Im Mittelfeld 9, 65462 Gustavsburg"
"STO2";"381";"STO.381 - Im Niederfeld 10 °";128;"Im Niederfeld 10 (8-12), 65462 Gustavsburg"
"STO2";"382";"STO.382 - Im Mittelfeld 11 +";129;"Im Mittelfeld 11, 65462 Gustavsburg"
"STO2";"383";"STO.383 - Stresemannstraße 7";130;"Stresemannstraße 7 (Bebelstraße 2), 65462 Gustavsburg"
"STO2";"384";"STO.384 - Stresemannstraße 11 °";131;"Stresemannstraße 11 (9+11), 65462 Gustavsburg"
"STO2";"385";"STO.385 - Stresemannstraße 21 °";132;"Stresemannstraße 21 (19+21), 65462 Gustavsburg"
"STO2";"386";"STO.386 - Bebelstraße 4 °";133;"Bebelstraße 4 (4+6), 65462 Gustavsburg"
"STO2";"387";"STO.387 - Hermann-Lons-Allee 16 °";134;"Hermann-Lons-Allee 16(14-16), 65462 Gustavsburg"
"STO2";"388";"STO.388 - Stresemannstraße 15 °";135;"Stresemannstraße 15 (13-17), 65462 Gustavsburg"
"STO2";"389";"STO.389 - Merianstraße 21 °";136;"Merianstraße 21 (19-23), 65462 Gustavsburg"
"STO2";"390";"STO.390 - Kleiststraße 9 °";137;"Kleiststraße 9 (7-11), 65462 Gustavsburg"
"STO2";"391";"STO.391 - Merianstraße 25 °";138;"Merianstraße 25 (25-29), 65462 Gustavsburg"
"STO2";"392";"STO.392 - Hermann-Lons-Allee 12 °";139;"Hermann-Lons-Allee 12 (10+12, Schwedenschanze 16+18), 65462 Gustavsburg"
"STO2";"393";"STO.393 - Hermann-Lons-Allee 8 °";140;"Hermann-Lons-Allee 8 (4-8, Schwedenschanze 20+22), 65462 Gustavsburg"
"STO2";"436";"STO.436 - Eckermannstraße 21 °";141;"Eckermannstraße 21 (21+25), 34125 Kassel"
"STO2";"438";"STO.438 - Lönsstraße 9 +";142;"Lönsstraße 9 (7+9), 34125 Kassel"
"STO2";"439";"STO.439 - Eckermannstraße 33 +";143;"Eckermannstraße 33 (31+33+35), 34125 Kassel"
"STO2";"440";"STO.440 - lm Windenfeld 30 °";144;"lm Windenfeld 30, 34134 Kassel"
"STO2";"441";"STO.441 - Altenbaunaer Straße 35 °";145;"Altenbaunaer Straße 35, 34134 Kassel"
"STO2";"442";"STO.442 - Im Ahrenfeld 2 °";146;"Im Ahrenfeld 2, 34134 Kassel"
"STO2";"443";"STO.443 - Im Windenfeld 2 °";147;"Im Windenfeld 2, 34134 Kassel"
"STO2";"444";"STO.444 - Im Windenfeld 6 °";148;"Im Windenfeld 6 (4+6), 34134 Kassel"
"STO2";"445";"STO.445 - Im Windenfeld 1 °";149;"Im Windenfeld 1 (1+3), 34134 Kassel"
"STO2";"447";"STO.447 - Im Windenfeld 7 °";150;"Im Windenfeld 7 (5+7), 34134 Kassel"
"STO2";"450";"STO.450 - Im Windenfeld 10 +";151;"Im Windenfeld 10 (8-12), 34134 Kassel"
"STO2";"452";"STO.452 - Korbacher Straße 3 °";152;"Korbacher Straße 3 (3-7), 34134 Kassel"
"STO2";"456";"STO.456 - Am Bornberg 7 °";153;"Am Bornberg 7 (Am Seidenen Steg 1A, Am Bornberg 5+7), 34134 Kassel"
"STO2";"457";"STO.457 - Im Windenfeld 22 °";154;"Im Windenfeld 22 (22+24), 34134 Kassel"
"STO2";"465";"STO.465 - Karpatenstraße 14 °";155;"Karpatenstraße 14 (8+10+12+14), 34497 Korbach"
"STO2";"483";"STO.483 - An der Schanze 2+4 °";156;"An der Schanze 2+4, 35039 Marburg"
"STO2";"484";"STO.484 - Rollwiesenweg 25+27+29 +";157;"Rollwiesenweg 25+27+29, 35039 Marburg"
"STO2";"489";"STO.489 - Damaschkeweg 12a + 14a °";158;"Damaschkeweg 12a + 14a, 35039 Marburg"
"STO2";"491";"STO.491 - Rentmeisterstraße 12-16 °";159;"Rentmeisterstraße 12-16, 35043 Marburg"
"STO2";"492";"STO.492 - Cappeler Gleiche 12 °";160;"Cappeler Gleiche 12 (10+12), 35043 Marburg"
"STO2";"494";"STO.494 - Rentmeisterstraße 18-22 °";161;"Rentmeisterstraße 18-22, 35043 Marburg"
"STO2";"513";"STO.513 - Holzwiesenstraße 1+3";162;"Holzwiesenstraße 1+3, 35260 Stadtallendorf"
"STO2";"517";"STO.517 - Langewiesenstraße 14";163;"Langewiesenstraße 14 (10-16), 35260 Stadtallendorf"
"STO2";"525";"STO.525 - Neugartenstraße 30-30c °";164;"Neugartenstraße 30-30c, 65843 Sulzbach"
"STO2";"526";"STO.526 - Larstraße 132b +";165;"Larstraße 132b (a-c), 53844 Troisdorf"
"STO2";"527";"STO.527 - Kerpstr. 7c °";166;"Kerpstr. 7c (a-c), 53844 Troisdorf"
"STO2";"528";"STO.528 - Harleshäuser Straße 44 °";167;"Harleshäuser Straße 44, 34246 Vellmar"
"STO2";"529";"STO.529 - Harleshäuser Straße 40 °";168;"Harleshäuser Straße 40 (40+42), 34246 Vellmar"
"STO2";"531";"STO.531 - Harleshäuser Straße 38 °";169;"Harleshäuser Straße 38 (36+38), 34246 Vellmar"
"STO2";"532";"STO.532 - Sophie-Henschel-Straße 6 °";170;"Sophie-Henschel-Straße 6 (2-8), 34246 Vellmar"
"STO2";"533";"STO.533 - Schachtstr. 10 °";171;"Schachtstr. 10 (Adlerstraße 36, Schachtstraße 8+10), 65183 Wiesbaden"
"STO2";"534";"STO.534 - Adlerstraße 37 °";172;"Adlerstraße 37, 65183 Wiesbaden"
"STO2";"535";"STO.535 - Büchnerstraße 1 °";173;"Büchnerstraße 1 (1+3), 65187 Wiesbaden"
"STO2";"536";"STO.536 - Büchnerstraße 6 °";174;"Büchnerstraße 6 (6+8), 65187 Wiesbaden"
"STO2";"537";"STO.537 - Büchnerstraße 13 +";175;"Büchnerstraße 13 (13+15), 65187 Wiesbaden"
"STO2";"538";"STO.538 - Büchnerstraße 5 +";176;"Büchnerstraße 5 (5+7), 65187 Wiesbaden"
"STO2";"539";"STO.539 - Hessenring 25 °";177;"Hessenring 25 (25+25a+25b), 65205 Wiesbaden"
"STO2";"480";"STO.480 - Rollwiesenweg 43-47 °";178;"Rollwiesenweg 43-47, 35039 Marburg"
"STO2";"485";"STO.485 - Rollwiesenweg 37-41 +";179;"Rollwiesenweg 37-41, 35039 Marburg"
"STO2";"496";"STO.496 - Moischter Straße 55+57 +";180;"Moischter Straße 55+57, 35043 Marburg-Cappel"
"STO2";"493";"STO.493 - Cappeler Gleiche 15 (13+15+17) +";181;"Cappeler Gleiche 15 (13+15+17), 35043 Marburg"
"STO2";"459";"STO.459 - Sudetenstraße 5 (3+5) +";182;"Sudetenstraße 5 (3+5), 35039 Marburg"
"STO2";"460";"STO.460 - Sudetenstraße 9 (7+9) +";183;"Sudetenstraße 9 (7+9), 34497 Korbach"
"STO2";"464";"STO.464 - Schlesische Straße 31 (31+33+35+37) +";184;"Schlesische Straße 31 (31+33+35+37), 34497 Korbach"
"STO2";"530";"STO.530 - Harleshauser Straße 28 +";185;"Harleshauser Straße 28, 34246 Vellmar"
"STO2";"469";"STO.469 - Europaring 4";186;"Europaring 4, 68623 Lampertheim"
"STO2";"495";"STO.495 - Cappeler Gleiche 2-4a %";187;"Cappeler Gleiche 2-4a, 35043 Marburg"
"STO2";"301";"STO.301 - Bodestraße 19-21 %";188;"Bodestraße 19-21, 61231 Bad Nauheim"
"STO2";"316";"STO.316 - Theodor-Heuss-Allee 17-21 +";189;"Theodor-Heuss-Allee 17-21, 34225 Baunatal"
"STO2";"330";"STO.330 - Schloßborner Straße 77 (77+79) +";190;"Schloßborner Straße 77 (77+79), 60326 Frankfurt am Main"
"STO2";"332";"STO.332 - Schloßborner Straße 72 (70+72) +";191;"Schloßborner Straße 72 (70+72), 60326 Frankfurt am Main"
"STO2";"347";"STO.347 - Schwälmer Straße 7 +";192;"Schwälmer Straße 7, 60486 Frankfurt am Main"
"STO2";"351";"STO.351 - Im Hirschländchen 3a +";193;"Im Hirschländchen 3a, 60529 Frankfurt am Main"
"STO2";"353";"STO.353 - Brunnenweg 3-7+8, Riedstraße 17+19 +";194;"Brunnenweg3-7+8, Riedstraße 17-19, 61170 Friedberg"
"STO2";"358";"STO.358 - Walahfridstraße 10 (10+12) %";195;"Walahfridstraße 10 (10+12), 36043 Fulda"
"STO2";"361";"STO.361 - Pacelliallee 29 (29+31) %";196;"Pacelliallee 29 (29+31), 36043 Fulda"
"STO2";"364";"STO.364 - Pacelliallee 1 (1+3) +";197;"Pacelliallee 1 (1+3), 36043 Fulda"
"STO2";"365";"STO.365 - Pacelliallee 21 (21+23) +";198;"Pacelliallee 21 (21+23), 36043 Fulda"
"STO2";"366";"STO.366 - Walahfridstraße 14 (14+16+18) +";199;"Walahfridstraße 14 (14+16+18), 36043 Fulda"
"STO2";"367";"STO.367 - Walahfridstraße 71 (71+73) +";200;"Walahfridstraße 71 (71+73), 36043 Fulda"
"STO2";"368";"STO.368 - Pacelliallee 5 (5+7) +";201;"Pacelliallee 5 (5+7), 36043 Fulda"
"STO2";"369";"STO.369 - Schillerstraße 80 (78+80) +";202;"Schillerstraße 80 (78+80), 36043 Fulda"
"STO2";"370";"STO.370 - Dr.-Dietz-Straße 24 (22+24+26) +";203;"Dr.-Dietz-Straße 24 (22+24+26), 36043 Fulda"
"STO2";"374";"STO.374 - Pacelliallee 9 (9-13) +";204;"Pacelliallee 9 (9-13), 36043 Fulda"
"STO2";"394";"STO.394 - Bahnhofstraße 17 +";205;"Bahnhofstraße 17, 35708 Haiger"
"STO2";"395";"STO.395 - Bahnhofstraße 9e (d+e+f+k) +";206;"Bahnhofstraße 9e (d+e+f+k), 35708 Haiger"
"STO2";"396";"STO.396 - Bahnhofstraße 9h (g+h+i) +";207;"Bahnhofstraße 9h (g+h+i), 35708 Haiger"
"STO2";"397";"STO.397 - Bahnhofstraße 9a-c +";208;"Bahnhofstraße 9a-c, 35708 Haiger"
"STO2";"399";"STO.399 - Posener Straße 22 (20-24) +";209;"Posener Straße 22 (20-24), 30659 Hannover"
"STO2";"400";"STO.400 - Graudenzer Weg 18 (16-28) °";210;"Graudenzer Weg 18 (16-28), 30659 Hannover"
"STO2";"401";"STO.401 - Kulmer Weg 6 (2-6) °";211;"Kulmer Weg 6 (2-6), 30659 Hannover"
"STO2";"418";"STO.418 - Hansteinstraße 28 (26-32) +";212;"Hansteinstraße 28 (26-32), 34121 Kassel"
"STO2";"422";"STO.422 - Hupfeldstraße 2-2a +";213;"Hupfeldstraße 2-2a, 34121 Kassel"
"STO2";"426";"STO.426 - Fontanestraße 12 (10+12) +";214;"Fontanestraße 12 (10+12), 34125 Kassel"
"STO2";"427";"STO.427 - Lönsstraße 16 (14+16) °";215;"Lönsstraße 16 (14+16), 34125 Kassel"
"STO2";"428";"STO.428 - Fontanestraße 4 (2+4) +";216;"Fontanestraße 4 (2+4), 34125 Kassel"
"STO2";"429";"STO.429 - Fontanestraße 8 (6+8) +";217;"Fontanestraße 8 (6+8), 34125 Kassel"
"STO2";"430";"STO.430 - Eckermannstraße 17 (17+19) +";218;"Eckermannstraße 17 (17+19), 34125 Kassel"
"STO2";"431";"STO.431 - Lönsstraße 9d (9c+9d) +";219;"Lönsstraße 9d (9c+9d), 34125"
"STO2";"432";"STO.432 - Eckermannstraße 22 (22+24) +";220;"Eckermannstraße 22 (22+24), 34125 Kassel"
"STO2";"433";"STO.433 - Lönsstraße 9a (9a+9b) +";221;"Lönsstraße 9a (9a+9b), 34125 Kassel"
"STO2";"434";"STO.434 - Eckermannstraße 32 (30+32) +";222;"Eckermannstraße 32 (30+32), 34125 Kassel"
"STO2";"435";"STO.435 - Eckermannstraße 28 (26+28) +";223;"Eckermannstraße 28 (26+28), 34125 Kassel"
"STO2";"437";"STO.437 - Eckermannstraße 39 (37+39+41) +";224;"Eckermannstraße 39 (37+39+41), 34125 Kassel"
"STO2";"446";"STO.446 - Im Windenfeld 26 (26+28) +";225;"Im Windenfeld 26 (26+28), 34134 Kassel"
"STO2";"448";"STO.448 - Im Windenfeld 20 (18+20) +";226;"Im Windenfeld 20 (18+20), 34134 Kassel"
"STO2";"449";"STO.449 - Im Windenfeld 16 (14+16) +";227;"Im Windenfeld 16 (14+16), 34134 Kassel"
"STO2";"451";"STO.451 - Im Windenfeld 21 (17+19+21+23) +";228;"Im WIndenfeld 21 (17+19+21+23), 34134 Kassel"
"STO2";"490";"STO.490 - Sudetenstraße 42 a/b +";229;"Sudetenstraße 42 a/b, 35039 Marburg"
"STO2";"540";"STO.540 - Schlesien-Ring 41";230;"Schlesien-Ring 41, 61118 Bad Vilbel"
"";"MFW";"Messkoffer FW";14;""
"MFW";"001";"Zum Brommenhof 9";1;""
"MFW";"002";"FWU Liegnitzer-Str. 5";2;""
"MFW";"003";"FWU Windthorststr. 119";3;""
"MFW";"004";"FWU Julius-Brecht-Str. 6";4;"Fernwärmeübergabestation"
"MFW";"005";"FWU Berkersheimer Weg 8";5;"Fernwärmeübergabestation"
"MFW";"006";"FWU Julius-Brecht-Str. 1";6;"Fernwärmeübergabestation"
"MFW";"007";"FWU Karl-Blum-Allee 50";7;""
"MFW";"008";"FWU Zum Apothekerhof 5 (3 + 5)";8;"Fernwärmeübergabestation"
"";"WDW";"Wetterdaten";15;"Wetterdaten vom Deutschen Wetterdienst"
"";"PRO";"Bäder";16;""
"PRO";"1";"Maximare (Hamm)";1;"59065 Hamm"
"PRO";"2";"Bademaxx (Speyer)";2;"67346 Speyer"
"PRO.2";"01";"Lüftungsanlage 1.1";1;""
"PRO.2";"02";"Lüftungsanlage 1.2";2;""
"PRO.2";"03";"Lüftungsanlage 2.1";3;""
"PRO.2";"04";"Lüftungsanlage 2.2";4;""
"PRO.2";"05";"Lüftungsanlage 3 und 4";5;""
"PRO.2";"06";"Lüftungsanlage 5";6;""
"PRO";"3";"Vita Alpina (Ruhpolding)";3;"83324 Ruhpolding"
"PRO";"4";"Naturtherme (Templin)";4;"17268 Templin"
"PRO";"5";"Saarow";5;""
"PRO.5";"1";"Simulation";1;""
"";"AHV";"Anleitungen, Hilfe und Vorlagen";17;""
"";"INT";"Inteligy";18;"inteligy GmbH"
"INT";"001";"INT.001 - FWÜS Falkenberger Str. 35";1;"Falkenberger Str. 34 - 35, 13088 Berlin (Weissensee)"
"";"HAN";"Hanova";19;"Hanova"
"HAN";"001";"HAN.001 -  Ossietzkyring 31";1;"Ossietzkyring 31 A-C, 30457 Hannover"
"HAN";"002";"HAN.002 -  Bautzener Hof 3";2;"Bautzener Hof 3, 30519 Hannover"
"HAN";"003";"HAN.003 -  Paracelsusweg 10";3;"Paracelsusweg 10, 30655 Hannover"
"HAN";"004";"HAN.004 -  Laukerthof 3";4;"Laukerthof 3, 30419 Hannover"
"";"TUB";"TU-Berlin";20;""
"TUB";"01";"Grillparzerstraße 24 , 40470 Düsseldorf";1;""
"TUB";"02";"Artelbrückstraße 24 (20-24), 65439 Flörsheim";2;""
"";"Test";"Hotel-Test";21;""
"Test";"01";"Küche";1;""
"Test.01";"1";"Gerät 1";1;""
"Test.01";"2";"Gerät  2";2;""
"Test.01";"3";"Gerät 3";3;""
"Test.01";"4";"Gerät 4";4;""
"Test";"02";"Heizzentrale";2;""
"Test.02";"1";"Gaskessel";1;""
"Test.02";"2";"BHkW";2;""
"Test";"03";"Lüftungsanlage";3;""
"Test";"05";"Haus 1";4;""
"Test";"06";"Haus 2";5;""
"Test";"07";"Schwimmhalle";6;""
"Test";"08";"Sauna";7;""
"";"BBG";"BBG";22;"BBG - Berliner Baugenossenschaft"
"BBG";"001";"BBG.001 - Dirschelweg 10 (WA 70 - HZ 1)";1;"Dirschelweg 10, 12109 Mariendorf"
"BBG";"002";"BBG.002 - Eisenacher Str. 42 (WA 70 - HZ 3)";2;"Eisenacher Str. 42, 12109 Berlin"
"BBG";"003";"BBG.003 - Lichtenrader Damm 84a (WA 18)";3;"Lichtenrader Damm 84a, 12305 Berlin"
"BBG";"004";"BBG.004 - Machonstr. 32 (WA 48 / 50 / 56)";4;"Machonstr. 32, 12105 Berlin"
"BBG";"005";"BBG.005 - Mariendorfer Damm 12 (WA 17)";5;"Mariendorfer Damm 12, 12109 Berlin"
"BBG";"006";"BBG.006 - Mudrastr. 40 (WA 10)";6;"Mudrastr. 40, 12249 Berlin"
"BBG";"007";"BBG.007 - Ortolanweg 3 (WA 5)";7;"Ortolanweg 3/5, 12359 Berlin"
"";"ENG";"ENGIE";23;""
"ENG";"1";"Anlagenüberwachung Engie Service";1;""
"ENG";"HOT";"Ahorn  Hotels";2;""
"ENG.HOT";"001";"Hotel Birkenhof Oberwiesenthal";1;""
"ENG.HOT.001";"01";"Hotel Birkenhof Oberwiesenthal Ebenen";1;""
"ENG.HOT.001.01";"1";"Ebene 1";1;""
"ENG.HOT.001.01";"2";"Ebene 2";2;""
"ENG.HOT.001.01";"3";"Ebene 3";3;""
"ENG.HOT.001";"02";"Diagramme";2;""
"ENG.HOT";"002";"Waldhotel in Altenberg";2;""
"ENG.HOT.002";"01";"Waldhotel in Altenberg Ebenen";1;""
"ENG.HOT.002.01";"1";"Ebene 1";1;""
"ENG.HOT.002.01";"2";"Ebene 2";2;""
"ENG.HOT.002.01";"3";"Ebene 3";3;""
"ENG.HOT";"003";"Seehotel Templin";3;"Ahorn Seehotel Templin, Am Lübbesee 1, 17268 Templin"
"ENG.HOT.003";"01";"Seehotel Templin Ebenen";1;""
"ENG.HOT.003.01";"1";"Ebene 1";1;""
"ENG.HOT.003.01";"2";"Ebene 2";2;""
"ENG.HOT.003.01";"3";"Ebene 3";3;""
"ENG.HOT.003";"02";"Diagramme";2;""
"";"EWP";"EWP Gasag";24;""
"EWP";"SV";"Campus Stadverwaltung";1;"Campus Stadverwaltung"
"EWP.SV";"001";"Haus 1";1;""
"EWP.SV";"002";"Haus 2";2;""
"EWP.SV";"003";"Haus 3 (Sporthalle)";3;""
"EWP.SV";"004";"Haus 6";4;""
"EWP.SV";"005";"Haus 7";5;""
"EWP.SV";"006";"Haus 9";6;""
"EWP.SV";"007";"Haus 10";7;""
"EWP.SV";"008";"Haus 11 - Netzstation";8;""
"EWP.SV";"017";"Haus 12";9;"Heizraum"
"EWP.SV";"009";"Haus 13 + Haus 16";10;""
"EWP.SV";"010";"Haus 17";11;""
"EWP.SV";"011";"Haus 18 - Büro Container";12;""
"EWP.SV";"019";"Haus 19 - Stadthaus";13;""
"EWP.SV";"012";"Haus 20";14;""
"EWP.SV";"013";"Haus 23";15;""
"EWP.SV";"014";"Stadthaus";16;""
"EWP.SV";"015";"Suppenküche";17;""
"EWP.SV";"016";"TW Schächte";18;""
"EWP";"LH";"Luftschiffhafen";2;"Luftschiffhafen"
"EWP.LH";"001";"Wohnheim";1;"Wohnheim"
"EWP.LH";"002";"Schule";2;"Tixi-Box im Elektroraum, Enfox im Heizungskeller"
"EWP.LH";"003";"Mensa";3;"Tixi mit OMS-Empfänger im Elektro-Raum"
"EWP.LH";"004";"Schule Turnhalle";4;"Schule Turnhalle"
"EWP.LH";"005";"Turnhalle";5;"Turnhalle"
"EWP.LH";"006";"Kanuzentrum";6;""
"EWP.LH";"007";"3-Feld-Halle";7;"3-Feld-Halle/Ballsporthalle"
"EWP.LH";"008";"Schwimmhalle";8;"Schwimmhalle"
"EWP.LH";"010";"LAH Leichtathletikhalle";9;"LAH Leichtathletikhalle"
"EWP.LH";"011";"MBS-Arena";10;"MBS-Arena"
"EWP.LH";"012";"Stadiongebäude";11;"Stadiongebäude"
"EWP.LH";"013";"Tribünengebäude";12;"Tribünengebäude"
"EWP.LH";"009";"Aussenanlagen";13;"Strassenbeleuchtung & TW-Schächte"
"";"TST";"Test";25;""
"TST";"01";"Algorithmus-Wetter";1;""
"TST";"02";"BAT";2;""
"TST";"003";"TST.003 - Test TP";3;"Heizung und TWW TP"
"TST";"002";"TST.002 - Test TP";4;"Test TP"
"";"WME";"wortmann-energie";26;""
"WME";"001";"Messkoffer 1";1;""
"";"01";"BAFA";27;"Zugang für BAFA"
"";"HOW";"HOWOGE";28;"HOWOGE Waärme GmbH"
"HOW";"001";"HOW.001 -  Sophienstr. 24";1;"Sophienstr. 24, 12685 Berlin"
"";"001";"GASAG";29;""
"001";"01";"Test-Anlage";1;""
"";"BOS";"Bosch";30;""
"BOS";"001";"BOS.001 - Testanlage Anysight";1;""
"";"FHA";"FH Ansbach";31;"Fachhochschule Ansbach"
"FHA";"001";"FHA.001 - Testanlage";1;""
"";"ZZ";"Keiner Anlage zugeordnet";32767;""
